anio;trimestre;sk_shipper;nombre_shipper;telefono_shipper;pais_destino;region_destino;ciudad_destino;envios_realizados;costo_flete_total;costo_flete_promedio;volumen_productos_enviados;ventas_totales_asociadas;ratio_flete_vs_ventas;densidad_poblacion_promedio;pib_promedio_destino;ranking_eficiencia_costo;ranking_volumen_trimestre
1996;3;13;Speedy Express;(503) 555-9831;Venezuela;Lara;Barquisimeto;1;0.36;0.36;57;1050.60;0.03;32;0;1;27
1996;3;14;United Package;(503) 555-3199;Brazil;SP;Sao Paulo;1;1.35;1.35;20;1296.00;0.10;25;0;2;45
1996;3;14;United Package;(503) 555-3199;France;;Strasbourg;1;11.48;11.48;80;1420.00;0.81;119;0;3;15
1996;3;14;United Package;(503) 555-3199;France;;Reims;1;1.15;1.15;4;121.60;0.95;119;0;4;54
1996;3;15;Federal Shipping;(503) 555-9931;Sweden;;Bräcke;1;7.34;7.34;60;695.63;1.06;25;0;5;25
1996;3;13;Speedy Express;(503) 555-9831;Germany;;Münster;1;23.22;23.22;49;1863.40;1.25;240;0;6;32
1996;3;13;Speedy Express;(503) 555-9831;United States;WA;Seattle;1;9.12;9.12;80;642.20;1.42;36;0;7;15
1996;3;13;Speedy Express;(503) 555-9831;France;;Reims;1;12.02;12.02;27;538.60;2.23;119;0;8;40
1996;3;14;United Package;(503) 555-3199;Belgium;;Charleroi;2;172.71;86.35;185;6306.70;2.74;383;0;9;4
1996;3;13;Speedy Express;(503) 555-9831;Sweden;;Luleå;1;26.94;26.94;62;613.20;4.39;25;0;10;23
1996;3;13;Speedy Express;(503) 555-9831;United States;OR;Portland;1;12.69;12.69;20;288.00;4.41;36;0;11;45
1996;3;15;Federal Shipping;(503) 555-9931;Spain;;Madrid;1;22.68;22.68;25;498.50;4.55;94;0;12;43
1996;3;15;Federal Shipping;(503) 555-9931;Brazil;RJ;Rio de Janeiro;1;38.28;38.28;75;819.00;4.67;25;0;13;19
1996;3;14;United Package;(503) 555-3199;United States;OR;Portland;2;36.16;18.08;28;760.00;4.76;36;0;14;39
1996;3;14;United Package;(503) 555-3199;Brazil;SP;Resende;1;27.94;27.94;27;517.80;5.40;25;0;15;40
1996;3;14;United Package;(503) 555-3199;Italy;;Bergamo;1;35.36;35.36;50;608.00;5.82;206;0;16;30
1996;3;14;United Package;(503) 555-3199;Germany;;Frankfurt a.M.;1;25.83;25.83;15;351.00;7.36;240;0;17;49
1996;3;15;Federal Shipping;(503) 555-9931;Finland;;Oulu;1;25.73;25.73;12;346.56;7.42;18;0;18;53
1996;3;15;Federal Shipping;(503) 555-9931;Mexico;;México D.F.;4;122.12;30.53;75;1458.30;8.37;66;0;19;19
1996;3;13;Speedy Express;(503) 555-9831;France;;Strasbourg;1;110.56;110.56;50;1176.00;9.40;119;0;20;30
1996;3;14;United Package;(503) 555-3199;United States;WY;Lander;1;4.54;4.54;24;48.00;9.46;36;0;21;44
1996;3;15;Federal Shipping;(503) 555-9931;United Kingdom;;London;1;45.54;45.54;39;479.40;9.50;281;0;22;37
1996;3;14;United Package;(503) 555-3199;Germany;;Stuttgart;2;251.2;125.6;88;2369.80;10.60;240;0;23;13
1996;3;14;United Package;(503) 555-3199;Brazil;RJ;Rio de Janeiro;5;456.82;91.36;283;4292.42;10.64;25;0;24;2
1996;3;15;Federal Shipping;(503) 555-9931;Venezuela;DF;Caracas;1;132.58;132.58;14;1101.20;12.04;32;0;25;50
1996;3;14;United Package;(503) 555-3199;Germany;;Cunewalde;2;232.45;116.23;133;1925.76;12.07;240;0;26;7
1996;3;14;United Package;(503) 555-3199;Switzerland;;Bern;1;68.94;68.94;57;556.62;12.39;219;0;27;27
1996;3;15;Federal Shipping;(503) 555-9931;United States;NM;Albuquerque;2;445.17;222.59;109;3419.00;13.02;36;0;28;11
1996;3;13;Speedy Express;(503) 555-9831;Republic of Ireland;Co. Cork;Cork;1;236.5;236.5;75;1762.00;13.42;72;0;29;19
1996;3;13;Speedy Express;(503) 555-9831;Spain;;Madrid;2;34.2;17.1;19;241.90;14.14;94;0;30;47
1996;3;13;Speedy Express;(503) 555-9831;Germany;;Köln;1;220.36;220.36;102;1504.65;14.65;240;0;31;12
1996;3;13;Speedy Express;(503) 555-9831;Brazil;SP;Sao Paulo;1;318.8;318.8;60;2169.00;14.70;25;0;32;25
1996;3;14;United Package;(503) 555-3199;United Kingdom;Isle of Wight;Cowes;1;83.52;83.52;44;516.80;16.16;281;0;33;34
1996;3;15;Federal Shipping;(503) 555-9931;Germany;;Cunewalde;2;838.83;419.41;292;5053.28;16.60;240;0;34;1
1996;3;13;Speedy Express;(503) 555-9831;Germany;;München;1;625.74;625.74;135;3536.60;17.69;240;0;35;6
1996;3;15;Federal Shipping;(503) 555-9931;France;;Nantes;1;49.38;49.38;13;268.80;18.37;119;0;36;51
1996;3;13;Speedy Express;(503) 555-9831;Italy;;Bergamo;1;53.86;53.86;18;291.84;18.46;206;0;37;48
1996;3;13;Speedy Express;(503) 555-9831;Italy;;Reggio Emilia;1;14.9;14.9;13;80.10;18.60;206;0;38;51
1996;3;13;Speedy Express;(503) 555-9831;France;;Lyon;1;124.02;124.02;41;654.06;18.96;119;0;39;36
1996;3;13;Speedy Express;(503) 555-9831;Finland;;Oulu;1;273.08;273.08;55;1376.00;19.85;18;0;40;29
1996;3;14;United Package;(503) 555-3199;Mexico;;México D.F.;1;191.37;191.37;42;954.40;20.05;66;0;41;35
1996;3;15;Federal Shipping;(503) 555-9931;United States;AK;Anchorage;1;772.86;772.86;80;3741.30;20.66;36;0;42;15
1996;3;15;Federal Shipping;(503) 555-9931;Germany;;Leipzig;1;251.54;251.54;32;1200.80;20.95;240;0;43;38
1996;3;15;Federal Shipping;(503) 555-9931;Venezuela;Táchira;San Cristóbal;1;245.73;245.73;46;1119.90;21.94;32;0;44;33
1996;3;15;Federal Shipping;(503) 555-9931;France;;Reims;1;97.14;97.14;27;440.00;22.08;119;0;45;40
1996;3;14;United Package;(503) 555-3199;United States;NM;Albuquerque;3;1252.87;417.62;240;5437.90;23.04;36;0;46;3
1996;3;15;Federal Shipping;(503) 555-9931;Switzerland;;Genève;1;593.32;593.32;110;2490.50;23.82;219;0;47;10
1996;3;15;Federal Shipping;(503) 555-9931;Venezuela;Lara;Barquisimeto;1;339.24;339.24;76;1414.80;23.98;32;0;48;18
1996;3;14;United Package;(503) 555-3199;Sweden;;Luleå;1;370.76;370.76;64;1488.80;24.90;25;0;49;22
1996;3;14;United Package;(503) 555-3199;Republic of Ireland;Co. Cork;Cork;1;672.88;672.88;125;2645.00;25.44;72;0;50;8
1996;3;13;Speedy Express;(503) 555-9831;Austria;;Graz;1;421.53;421.53;121;1614.88;26.10;109;0;51;9
1996;3;13;Speedy Express;(503) 555-9831;Germany;;Frankfurt a.M.;1;306.24;306.24;61;1170.38;26.17;240;0;52;24
1996;3;14;United Package;(503) 555-3199;Spain;;Sevilla;1;323.49;323.49;85;1117.80;28.94;94;0;53;14
1996;3;15;Federal Shipping;(503) 555-9931;Austria;;Graz;1;584.24;584.24;184;1873.80;31.18;109;0;54;5
1996;4;14;United Package;(503) 555-3199;Switzerland;;Bern;1;3.51;3.51;65;1117.60;0.31;219;0;1;34
1996;4;13;Speedy Express;(503) 555-9831;Venezuela;Lara;Barquisimeto;1;25.5;25.5;75;1649.00;1.55;32;0;2;29
1996;4;15;Federal Shipping;(503) 555-9931;Poland;;Warszawa;1;7.88;7.88;45;459.00;1.72;124;0;3;41
1996;4;14;United Package;(503) 555-3199;United States;WA;Seattle;1;46.58;46.58;105;2296.00;2.03;36;0;4;19
1996;4;15;Federal Shipping;(503) 555-9931;Finland;;Oulu;2;36.34;18.17;90;1393.20;2.61;18;0;5;22
1996;4;14;United Package;(503) 555-3199;United Kingdom;Isle of Wight;Cowes;2;12.89;6.45;36;384.40;3.35;281;0;6;44
1996;4;14;United Package;(503) 555-3199;Canada;Québec;Montréal;3;225.89;75.3;216;5539.88;4.08;4;0;7;7
1996;4;15;Federal Shipping;(503) 555-9931;Brazil;SP;Sao Paulo;2;40.38;20.19;95;980.42;4.12;25;0;8;21
1996;4;15;Federal Shipping;(503) 555-9931;Sweden;;Bräcke;1;5.44;5.44;6;103.20;5.27;25;0;9;57
1996;4;14;United Package;(503) 555-3199;Portugal;;Lisboa;1;15.51;15.51;18;285.12;5.44;111;0;10;53
1996;4;14;United Package;(503) 555-3199;Mexico;;México D.F.;1;22;22;24;403.20;5.46;66;0;11;49
1996;4;13;Speedy Express;(503) 555-9831;United States;WY;Lander;1;8.63;8.63;24;141.60;6.09;36;0;12;49
1996;4;15;Federal Shipping;(503) 555-9931;Denmark;;Århus;2;163.64;81.82;215;2599.80;6.29;137;0;13;8
1996;4;14;United Package;(503) 555-3199;Germany;;Stuttgart;2;111.69;55.85;102;1470.00;7.60;240;0;14;20
1996;4;14;United Package;(503) 555-3199;Republic of Ireland;Co. Cork;Cork;1;168.44;168.44;86;2036.16;8.27;72;0;15;26
1996;4;15;Federal Shipping;(503) 555-9931;Austria;;Salzburg;2;843.72;421.86;112;10033.28;8.41;109;0;16;15
1996;4;15;Federal Shipping;(503) 555-9931;Venezuela;Lara;Barquisimeto;2;112.63;56.32;68;1279.68;8.80;32;0;17;33
1996;4;13;Speedy Express;(503) 555-9831;Germany;;Brandenburg;1;14.64;14.64;13;164.40;8.91;240;0;18;56
1996;4;15;Federal Shipping;(503) 555-9931;France;;Strasbourg;1;658.5;658.5;138;7390.20;8.91;119;0;19;13
1996;4;14;United Package;(503) 555-3199;Canada;BC;Tsawassen;1;189.68;189.68;81;1832.80;10.35;4;0;20;27
1996;4;13;Speedy Express;(503) 555-9831;United Kingdom;;London;2;248.52;124.26;110;2178.80;11.41;281;0;21;16
1996;4;15;Federal Shipping;(503) 555-9931;United Kingdom;Essex;Colchester;1;102.72;102.72;55;899.00;11.43;281;0;22;37
1996;4;13;Speedy Express;(503) 555-9831;France;;Toulouse;2;59.37;29.69;46;502.36;11.82;119;0;23;40
1996;4;14;United Package;(503) 555-3199;France;;Lyon;1;17.12;17.12;18;144.80;11.82;119;0;24;53
1996;4;14;United Package;(503) 555-3199;United States;OR;Elgin;1;40.24;40.24;25;338.00;11.91;36;0;25;48
1996;4;14;United Package;(503) 555-3199;Germany;;München;1;219.32;219.32;160;1840.64;11.92;240;0;26;11
1996;4;15;Federal Shipping;(503) 555-9931;United States;OR;Elgin;1;60.68;60.68;20;442.00;13.73;36;0;27;51
1996;4;13;Speedy Express;(503) 555-9831;Sweden;;Bräcke;1;253.44;253.44;140;1810.00;14.00;25;0;28;12
1996;4;15;Federal Shipping;(503) 555-9931;Republic of Ireland;Co. Cork;Cork;2;388.36;194.18;204;2680.22;14.49;72;0;29;9
1996;4;14;United Package;(503) 555-3199;Spain;;Barcelona;1;40.56;40.56;20;272.00;14.91;94;0;30;51
1996;4;15;Federal Shipping;(503) 555-9931;Sweden;;Luleå;1;337.28;337.28;43;2222.40;15.18;25;0;31;43
1996;4;15;Federal Shipping;(503) 555-9931;Denmark;;Kobenhavn;1;53.56;53.56;17;352.60;15.19;137;0;32;55
1996;4;13;Speedy Express;(503) 555-9831;Brazil;RJ;Rio de Janeiro;1;135.09;135.09;44;863.28;15.65;25;0;33;42
1996;4;13;Speedy Express;(503) 555-9831;Austria;;Graz;3;1628.69;542.9;454;10389.61;15.68;109;0;34;1
1996;4;15;Federal Shipping;(503) 555-9931;United States;ID;Boise;2;811.12;405.56;326;5062.55;16.02;36;0;35;2
1996;4;15;Federal Shipping;(503) 555-9931;Mexico;;México D.F.;3;301.5;100.5;88;1872.00;16.11;66;0;36;25
1996;4;14;United Package;(503) 555-3199;United States;WY;Lander;3;1250.92;416.97;126;7660.03;16.33;36;0;37;14
1996;4;13;Speedy Express;(503) 555-9831;Portugal;;Lisboa;1;120.52;120.52;28;716.72;16.82;111;0;38;47
1996;4;13;Speedy Express;(503) 555-9831;United Kingdom;Essex;Colchester;1;83.9;83.9;50;480.00;17.48;281;0;39;38
1996;4;15;Federal Shipping;(503) 555-9931;United States;NM;Albuquerque;1;284.16;284.16;56;1618.88;17.55;36;0;40;36
1996;4;15;Federal Shipping;(503) 555-9931;United States;AK;Anchorage;1;168.42;168.42;35;934.50;18.02;36;0;41;45
1996;4;15;Federal Shipping;(503) 555-9931;Germany;;Aachen;2;97.07;48.54;62;533.60;18.19;240;0;42;35
1996;4;13;Speedy Express;(503) 555-9831;France;;Marseille;2;298.31;149.16;109;1638.10;18.21;119;0;43;17
1996;4;14;United Package;(503) 555-3199;France;;Toulouse;1;128.38;128.38;33;642.06;20.00;119;0;44;46
1996;4;15;Federal Shipping;(503) 555-9931;Portugal;;Lisboa;2;263.69;131.85;89;1304.30;20.22;111;0;45;24
1996;4;13;Speedy Express;(503) 555-9831;United States;ID;Boise;1;1071.35;1071.35;241;5275.72;20.31;36;0;46;6
1996;4;15;Federal Shipping;(503) 555-9931;France;;Marseille;1;498.93;498.93;72;2436.18;20.48;119;0;47;30
1996;4;13;Speedy Express;(503) 555-9831;Germany;;Frankfurt a.M.;1;331.11;331.11;69;1584.00;20.90;240;0;48;32
1996;4;15;Federal Shipping;(503) 555-9931;United Kingdom;;London;2;909.71;454.86;246;4335.28;20.98;281;0;49;5
1996;4;15;Federal Shipping;(503) 555-9931;Germany;;Brandenburg;1;324.3;324.3;71;1497.00;21.66;240;0;50;31
1996;4;15;Federal Shipping;(503) 555-9931;Germany;;München;2;947.35;473.68;258;4370.80;21.67;240;0;51;4
1996;4;14;United Package;(503) 555-3199;Germany;;Cunewalde;2;1113.52;556.76;268;4971.04;22.40;240;0;52;3
1996;4;14;United Package;(503) 555-3199;Spain;;Madrid;1;233.76;233.76;90;982.00;23.80;94;0;53;22
1996;4;14;United Package;(503) 555-3199;Austria;;Graz;1;407.8;407.8;78;1689.78;24.13;109;0;54;28
1996;4;13;Speedy Express;(503) 555-9831;Venezuela;Táchira;San Cristóbal;1;553.23;553.23;106;2122.92;26.06;32;0;55;18
1996;4;14;United Package;(503) 555-3199;Norway;;Stavern;1;374.52;374.52;48;1058.40;35.39;15;0;56;39
1996;4;14;United Package;(503) 555-3199;Brazil;SP;Sao Paulo;1;3563.12;3563.12;164;9210.90;38.68;25;0;57;10
1997;1;14;United Package;(503) 555-3199;France;;Lille;1;2.7;2.7;42;756.00;0.36;119;0;1;55
1997;1;13;Speedy Express;(503) 555-9831;United States;OR;Elgin;1;0.4;0.4;22;102.40;0.39;36;0;2;69
1997;1;14;United Package;(503) 555-3199;Germany;;München;1;9.86;9.86;50;1512.00;0.65;240;0;3;45
1997;1;13;Speedy Express;(503) 555-9831;Germany;;Brandenburg;1;11.57;11.57;36;1584.00;0.73;240;0;4;59
1997;1;15;Federal Shipping;(503) 555-9931;France;;Lyon;1;4.81;4.81;20;471.20;1.02;119;0;5;71
1997;1;13;Speedy Express;(503) 555-9831;United States;NM;Albuquerque;1;50.04;50.04;168;3868.60;1.29;36;0;6;7
1997;1;15;Federal Shipping;(503) 555-9931;Sweden;;Luleå;1;14;14;63;1031.70;1.36;25;0;7;37
1997;1;15;Federal Shipping;(503) 555-9931;Canada;Québec;Montréal;1;16.28;16.28;67;1078.00;1.51;4;0;8;35
1997;1;13;Speedy Express;(503) 555-9831;United Kingdom;;London;2;20.74;10.37;120;1192.80;1.74;281;0;9;22
1997;1;14;United Package;(503) 555-3199;United States;WY;Lander;1;8.68;8.68;50;485.00;1.79;36;0;10;45
1997;1;13;Speedy Express;(503) 555-9831;France;;Lille;1;33.78;33.78;51;1622.40;2.08;119;0;11;44
1997;1;15;Federal Shipping;(503) 555-9931;France;;Toulouse;1;8.22;8.22;50;331.20;2.48;119;0;12;45
1997;1;15;Federal Shipping;(503) 555-9931;Denmark;;Kobenhavn;1;281.16;281.16;123;11188.40;2.51;137;0;13;21
1997;1;14;United Package;(503) 555-3199;Germany;;Brandenburg;1;16.24;16.24;61;557.60;2.91;240;0;14;38
1997;1;14;United Package;(503) 555-3199;Austria;;Salzburg;2;41.87;20.94;68;1090.20;3.84;109;0;15;33
1997;1;13;Speedy Express;(503) 555-9831;Germany;;Cunewalde;1;70.2;70.2;146;1814.80;3.87;240;0;16;11
1997;1;14;United Package;(503) 555-3199;United States;AK;Anchorage;1;73.02;73.02;50;1755.00;4.16;36;0;17;45
1997;1;14;United Package;(503) 555-3199;Italy;;Bergamo;1;9.86;9.86;40;235.20;4.19;206;0;18;56
1997;1;15;Federal Shipping;(503) 555-9931;Canada;BC;Tsawassen;2;75.75;37.88;139;1768.80;4.28;4;0;19;14
1997;1;14;United Package;(503) 555-3199;France;;Lyon;2;89.73;44.87;102;2084.32;4.31;119;0;20;27
1997;1;14;United Package;(503) 555-3199;United Kingdom;;London;1;27.63;27.63;32;631.60;4.37;281;0;21;61
1997;1;14;United Package;(503) 555-3199;United States;WA;Seattle;1;30.56;30.56;65;668.80;4.57;36;0;22;36
1997;1;15;Federal Shipping;(503) 555-9931;Brazil;SP;Campinas;1;49;49;34;1020.00;4.80;25;0;23;60
1997;1;15;Federal Shipping;(503) 555-9931;Venezuela;Táchira;San Cristóbal;1;8.82;8.82;14;180.48;4.89;32;0;24;73
1997;1;13;Speedy Express;(503) 555-9831;Finland;;Oulu;1;19.97;19.97;15;393.00;5.08;18;0;25;72
1997;1;15;Federal Shipping;(503) 555-9931;United States;WA;Walla Walla;1;7.48;7.48;10;147.00;5.09;36;0;26;74
1997;1;14;United Package;(503) 555-3199;Germany;;Münster;1;24.72;24.72;50;454.00;5.44;240;0;27;45
1997;1;13;Speedy Express;(503) 555-9831;Italy;;Reggio Emilia;2;38.99;19.49;38;709.44;5.50;206;0;28;58
1997;1;13;Speedy Express;(503) 555-9831;Italy;;Torino;1;3.02;3.02;2;49.80;6.06;206;0;29;75
1997;1;14;United Package;(503) 555-3199;Austria;;Graz;2;279.58;139.79;295;4505.50;6.21;109;0;30;1
1997;1;14;United Package;(503) 555-3199;Canada;BC;Tsawassen;1;132.51;132.51;130;1892.25;7.00;4;0;31;17
1997;1;14;United Package;(503) 555-3199;United States;ID;Boise;1;346.12;346.12;208;4924.14;7.03;36;0;32;4
1997;1;15;Federal Shipping;(503) 555-9931;United Kingdom;;London;3;363.61;121.2;163;4777.20;7.61;281;0;33;9
1997;1;14;United Package;(503) 555-3199;Republic of Ireland;Co. Cork;Cork;1;113.26;113.26;75;1441.38;7.86;72;0;34;32
1997;1;13;Speedy Express;(503) 555-9831;Venezuela;Nueva Esparta;I. de Margarita;1;34.82;34.82;50;400.00;8.71;32;0;35;45
1997;1;15;Federal Shipping;(503) 555-9931;Finland;;Oulu;1;68.16;68.16;50;720.00;9.47;18;0;36;45
1997;1;15;Federal Shipping;(503) 555-9931;Portugal;;Lisboa;2;107.75;53.88;50;1110.71;9.70;111;0;37;45
1997;1;13;Speedy Express;(503) 555-9831;Brazil;SP;Resende;1;176.48;176.48;50;1707.84;10.33;25;0;38;45
1997;1;13;Speedy Express;(503) 555-9831;Sweden;;Luleå;1;18.6;18.6;21;174.90;10.63;25;0;39;70
1997;1;14;United Package;(503) 555-3199;France;;Marseille;1;193.68;193.68;53;1820.80;10.64;119;0;40;43
1997;1;13;Speedy Express;(503) 555-9831;Spain;;Barcelona;1;74.76;74.76;24;676.40;11.05;94;0;41;64
1997;1;14;United Package;(503) 555-3199;Sweden;;Bräcke;1;35.84;35.84;24;321.12;11.16;25;0;42;64
1997;1;14;United Package;(503) 555-3199;Canada;Québec;Montréal;1;1111.83;1111.83;139;9194.56;12.09;4;0;43;14
1997;1;14;United Package;(503) 555-3199;France;;Toulouse;2;302.84;151.42;108;2483.20;12.20;119;0;44;25
1997;1;15;Federal Shipping;(503) 555-9931;Germany;;Brandenburg;1;88.24;88.24;23;717.60;12.30;240;0;45;68
1997;1;14;United Package;(503) 555-3199;United Kingdom;Essex;Colchester;1;50.72;50.72;40;407.70;12.44;281;0;46;56
1997;1;14;United Package;(503) 555-3199;Switzerland;;Genève;1;274.7;274.7;80;2097.60;13.10;219;0;47;30
1997;1;13;Speedy Express;(503) 555-9831;Belgium;;Charleroi;1;205.56;205.56;137;1505.18;13.66;383;0;48;16
1997;1;13;Speedy Express;(503) 555-9831;United States;ID;Boise;1;280.52;280.52;115;2018.50;13.90;36;0;49;24
1997;1;14;United Package;(503) 555-3199;Brazil;RJ;Rio de Janeiro;2;334.64;167.32;141;2386.40;14.02;25;0;50;13
1997;1;15;Federal Shipping;(503) 555-9931;United Kingdom;Isle of Wight;Cowes;1;32.74;32.74;24;230.40;14.21;281;0;51;64
1997;1;14;United Package;(503) 555-3199;Venezuela;Nueva Esparta;I. de Margarita;1;257.8;257.8;130;1584.00;16.28;32;0;52;17
1997;1;14;United Package;(503) 555-3199;Venezuela;Táchira;San Cristóbal;2;722.16;361.08;172;4435.20;16.28;32;0;53;6
1997;1;15;Federal Shipping;(503) 555-9931;Belgium;;Charleroi;2;764.86;382.43;216;4604.30;16.61;383;0;54;3
1997;1;15;Federal Shipping;(503) 555-9931;Austria;;Graz;1;147.58;147.58;91;855.02;17.26;109;0;55;29
1997;1;14;United Package;(503) 555-3199;Argentina;;Buenos Aires;1;77.64;77.64;26;443.40;17.51;17;0;56;62
1997;1;14;United Package;(503) 555-3199;Portugal;;Lisboa;2;395.06;197.53;125;2167.28;18.23;111;0;57;20
1997;1;13;Speedy Express;(503) 555-9831;Sweden;;Bräcke;1;32.54;32.54;25;176.10;18.48;25;0;58;63
1997;1;13;Speedy Express;(503) 555-9831;Argentina;;Buenos Aires;1;59.66;59.66;24;319.20;18.69;17;0;59;64
1997;1;13;Speedy Express;(503) 555-9831;United States;WA;Seattle;1;180.54;180.54;77;956.68;18.87;36;0;60;31
1997;1;15;Federal Shipping;(503) 555-9931;Brazil;SP;Sao Paulo;1;42.96;42.96;68;224.83;19.11;25;0;61;33
1997;1;15;Federal Shipping;(503) 555-9931;Germany;;Cunewalde;1;756.36;756.36;238;3849.66;19.65;240;0;62;2
1997;1;14;United Package;(503) 555-3199;France;;Strasbourg;2;786.54;393.27;168;3832.72;20.52;119;0;63;7
1997;1;14;United Package;(503) 555-3199;Germany;;Köln;1;274.44;274.44;60;1194.00;22.98;240;0;64;40
1997;1;13;Speedy Express;(503) 555-9831;Germany;;Münster;1;58.72;58.72;50;246.24;23.85;240;0;65;45
1997;1;14;United Package;(503) 555-3199;Brazil;SP;Sao Paulo;1;213.21;213.21;59;889.70;23.96;25;0;66;41
1997;1;14;United Package;(503) 555-3199;Finland;;Oulu;2;725.57;362.78;145;3018.80;24.04;18;0;67;12
1997;1;14;United Package;(503) 555-3199;Mexico;;México D.F.;1;333.96;333.96;61;1249.10;26.74;66;0;68;38
1997;1;15;Federal Shipping;(503) 555-9931;United States;NM;Albuquerque;1;2835.8;2835.8;148;10495.60;27.02;36;0;69;10
1997;1;13;Speedy Express;(503) 555-9831;Brazil;SP;Sao Paulo;2;564.06;282.03;104;2046.78;27.56;25;0;70;26
1997;1;15;Federal Shipping;(503) 555-9931;Denmark;;Århus;1;725.2;725.2;118;2518.00;28.80;137;0;71;23
1997;1;15;Federal Shipping;(503) 555-9931;Venezuela;Lara;Barquisimeto;1;445.83;445.83;128;1538.70;28.97;32;0;72;19
1997;1;13;Speedy Express;(503) 555-9831;Italy;;Bergamo;1;467.91;467.91;100;1591.25;29.41;206;0;73;28
1997;1;13;Speedy Express;(503) 555-9831;Brazil;RJ;Rio de Janeiro;1;396.92;396.92;59;1194.27;33.24;25;0;74;41
1997;1;13;Speedy Express;(503) 555-9831;Austria;;Graz;1;1835.12;1835.12;195;4899.20;37.46;109;0;75;5
1997;2;13;Speedy Express;(503) 555-9831;Germany;;Mannheim;1;0.15;0.15;3;136.80;0.11;240;0;1;67
1997;2;13;Speedy Express;(503) 555-9831;Brazil;SP;Sao Paulo;1;3.01;3.01;50;310.00;0.97;25;0;2;38
1997;2;13;Speedy Express;(503) 555-9831;Denmark;;Kobenhavn;1;9.8;9.8;24;835.20;1.17;137;0;3;55
1997;2;14;United Package;(503) 555-3199;Germany;;Münster;1;2.86;2.86;24;240.10;1.19;240;0;4;55
1997;2;14;United Package;(503) 555-3199;Republic of Ireland;Co. Cork;Cork;1;33.48;33.48;90;2048.50;1.63;72;0;5;25
1997;2;14;United Package;(503) 555-3199;Canada;Québec;Montréal;1;14.3;14.3;43;639.90;2.23;4;0;6;44
1997;2;15;Federal Shipping;(503) 555-9931;Spain;;Sevilla;1;17.28;17.28;34;683.30;2.53;94;0;7;50
1997;2;14;United Package;(503) 555-3199;United States;OR;Eugene;1;10.05;10.05;20;392.20;2.56;36;0;8;57
1997;2;14;United Package;(503) 555-3199;France;;Marseille;1;22.12;22.12;45;818.40;2.70;119;0;9;42
1997;2;15;Federal Shipping;(503) 555-9931;United States;NM;Albuquerque;1;41.25;41.25;47;1234.05;3.34;36;0;10;41
1997;2;13;Speedy Express;(503) 555-9831;Republic of Ireland;Co. Cork;Cork;1;101.91;101.91;103;2519.00;4.05;72;0;11;20
1997;2;14;United Package;(503) 555-3199;Germany;;Köln;1;9.98;9.98;20;240.00;4.16;240;0;12;57
1997;2;15;Federal Shipping;(503) 555-9931;Spain;;Barcelona;1;13.08;13.08;10;310.00;4.22;94;0;13;65
1997;2;15;Federal Shipping;(503) 555-9931;Germany;;Brandenburg;1;21.9;21.9;39;469.11;4.67;240;0;14;45
1997;2;15;Federal Shipping;(503) 555-9931;Canada;BC;Vancouver;1;13.95;13.95;35;278.00;5.02;4;0;15;47
1997;2;15;Federal Shipping;(503) 555-9931;France;;Toulouse;1;31.92;31.92;35;608.40;5.25;119;0;16;47
1997;2;14;United Package;(503) 555-3199;United States;WA;Walla Walla;1;11.92;11.92;10;210.00;5.68;36;0;17;65
1997;2;15;Federal Shipping;(503) 555-9931;Germany;;Mannheim;1;8.85;8.85;20;149.00;5.94;240;0;18;57
1997;2;13;Speedy Express;(503) 555-9831;Germany;;München;1;73.3;73.3;35;1072.43;6.83;240;0;19;47
1997;2;13;Speedy Express;(503) 555-9831;Argentina;;Buenos Aires;1;8.12;8.12;2;110.00;7.38;17;0;20;68
1997;2;14;United Package;(503) 555-3199;Brazil;SP;Sao Paulo;3;126.88;42.29;87;1627.30;7.80;25;0;21;26
1997;2;13;Speedy Express;(503) 555-9831;Germany;;Frankfurt a.M.;2;289.95;144.98;173;3698.84;7.84;240;0;22;7
1997;2;15;Federal Shipping;(503) 555-9931;Republic of Ireland;Co. Cork;Cork;1;188.34;188.34;125;2381.05;7.91;72;0;23;17
1997;2;14;United Package;(503) 555-3199;United States;CA;San Francisco;1;27.46;27.46;31;317.75;8.64;36;0;24;52
1997;2;13;Speedy Express;(503) 555-9831;Italy;;Reggio Emilia;1;45.9;45.9;30;488.70;9.39;206;0;25;53
1997;2;15;Federal Shipping;(503) 555-9931;Austria;;Graz;1;52.12;52.12;39;550.59;9.47;109;0;26;45
1997;2;14;United Package;(503) 555-3199;Germany;;Brandenburg;1;42.38;42.38;32;415.80;10.19;240;0;27;51
1997;2;14;United Package;(503) 555-3199;Venezuela;Lara;Barquisimeto;2;300.38;150.19;145;2916.50;10.30;32;0;28;11
1997;2;13;Speedy Express;(503) 555-9831;Mexico;;México D.F.;3;365.42;121.81;167;3506.21;10.42;66;0;29;8
1997;2;15;Federal Shipping;(503) 555-9931;Mexico;;México D.F.;2;310.2;155.1;134;2920.45;10.62;66;0;30;14
1997;2;13;Speedy Express;(503) 555-9831;Germany;;Cunewalde;3;1619.87;539.96;569;14978.58;10.81;240;0;31;1
1997;2;13;Speedy Express;(503) 555-9831;France;;Strasbourg;3;340.44;113.48;143;2875.16;11.84;119;0;32;12
1997;2;15;Federal Shipping;(503) 555-9931;Switzerland;;Bern;1;275.28;275.28;66;2314.20;11.90;219;0;33;33
1997;2;13;Speedy Express;(503) 555-9831;United States;OR;Portland;1;49.82;49.82;14;417.20;11.94;36;0;34;63
1997;2;14;United Package;(503) 555-3199;Brazil;RJ;Rio de Janeiro;1;120.86;120.86;95;965.00;12.52;25;0;35;24
1997;2;15;Federal Shipping;(503) 555-9931;Portugal;;Lisboa;1;218.85;218.85;100;1677.30;13.05;111;0;36;21
1997;2;13;Speedy Express;(503) 555-9831;United States;NM;Albuquerque;1;117.96;117.96;65;890.00;13.25;36;0;37;34
1997;2;13;Speedy Express;(503) 555-9831;Norway;;Stavern;1;26.74;26.74;13;200.00;13.37;15;0;38;64
1997;2;13;Speedy Express;(503) 555-9831;Brazil;RJ;Rio de Janeiro;1;274.6;274.6;84;1946.52;14.11;25;0;39;28
1997;2;15;Federal Shipping;(503) 555-9931;Canada;Québec;Montréal;2;385.11;192.56;78;2613.15;14.74;4;0;40;32
1997;2;13;Speedy Express;(503) 555-9831;Canada;BC;Tsawassen;1;125.78;125.78;80;851.20;14.78;4;0;41;29
1997;2;14;United Package;(503) 555-3199;Venezuela;Táchira;San Cristóbal;1;89.25;89.25;49;575.00;15.52;32;0;42;39
1997;2;14;United Package;(503) 555-3199;Germany;;Frankfurt a.M.;3;512.78;170.93;180;3263.20;15.71;240;0;43;5
1997;2;14;United Package;(503) 555-3199;United Kingdom;;London;2;667.38;333.69;148;4237.11;15.75;281;0;44;10
1997;2;14;United Package;(503) 555-3199;Mexico;;México D.F.;1;654.45;654.45;29;4150.05;15.77;66;0;45;54
1997;2;13;Speedy Express;(503) 555-9831;France;;Toulouse;1;85.36;85.36;20;523.26;16.31;119;0;46;57
1997;2;13;Speedy Express;(503) 555-9831;Germany;;Stuttgart;1;316.95;316.95;105;1942.00;16.32;240;0;47;19
1997;2;14;United Package;(503) 555-3199;Germany;;Mannheim;1;55.42;55.42;18;330.00;16.79;240;0;48;62
1997;2;14;United Package;(503) 555-3199;United States;WA;Kirkland;2;226.63;113.32;80;1333.30;17.00;36;0;49;29
1997;2;14;United Package;(503) 555-3199;United Kingdom;Essex;Colchester;1;364.85;364.85;96;2142.90;17.03;281;0;50;23
1997;2;14;United Package;(503) 555-3199;Sweden;;Bräcke;1;484.42;484.42;60;2844.50;17.03;25;0;51;35
1997;2;15;Federal Shipping;(503) 555-9931;United States;WA;Seattle;1;236.52;236.52;59;1388.50;17.03;36;0;52;36
1997;2;15;Federal Shipping;(503) 555-9931;United Kingdom;;London;5;363.51;72.7;133;2120.65;17.14;281;0;53;16
1997;2;13;Speedy Express;(503) 555-9831;Venezuela;Táchira;San Cristóbal;1;166.44;166.44;48;880.50;18.90;32;0;54;40
1997;2;14;United Package;(503) 555-3199;Finland;;Oulu;3;945.06;315.02;181;4935.20;19.15;18;0;55;4
1997;2;15;Federal Shipping;(503) 555-9931;France;;Lyon;1;584.16;584.16;80;2812.00;20.77;119;0;56;29
1997;2;14;United Package;(503) 555-3199;Belgium;;Bruxelles;1;200.07;200.07;44;946.00;21.15;383;0;57;43
1997;2;13;Speedy Express;(503) 555-9831;Switzerland;;Genève;1;394.25;394.25;86;1823.80;21.62;219;0;58;27
1997;2;14;United Package;(503) 555-3199;Argentina;;Buenos Aires;1;51.66;51.66;19;225.50;22.91;17;0;59;61
1997;2;13;Speedy Express;(503) 555-9831;Germany;;Leipzig;1;509.36;509.36;58;2147.40;23.72;240;0;60;37
1997;2;13;Speedy Express;(503) 555-9831;Sweden;;Bräcke;1;564.12;564.12;98;2222.20;25.39;25;0;61;22
1997;2;15;Federal Shipping;(503) 555-9931;Germany;;Köln;2;711.55;355.78;134;2742.27;25.95;240;0;62;14
1997;2;15;Federal Shipping;(503) 555-9931;United States;ID;Boise;2;1997.71;998.86;215;7651.94;26.11;36;0;63;3
1997;2;14;United Package;(503) 555-3199;Sweden;;Luleå;2;1444.88;722.44;174;4693.74;30.78;25;0;64;6
1997;2;14;United Package;(503) 555-3199;Austria;;Salzburg;1;1356.88;1356.88;135;4180.00;32.46;109;0;65;13
1997;2;15;Federal Shipping;(503) 555-9931;Germany;;Cunewalde;1;4030.56;4030.56;165;10191.70;39.55;240;0;66;9
1997;2;15;Federal Shipping;(503) 555-9931;France;;Marseille;1;1051.92;1051.92;110;2550.00;41.25;119;0;67;18
1997;2;14;United Package;(503) 555-3199;Austria;;Graz;1;3949.75;3949.75;233;8623.45;45.80;109;0;68;2
1997;3;14;United Package;(503) 555-3199;Brazil;SP;Resende;1;0.42;0.42;45;1371.80;0.03;25;0;1;46
1997;3;15;Federal Shipping;(503) 555-9931;Portugal;;Lisboa;1;3.81;3.81;51;1288.39;0.30;111;0;2;42
1997;3;13;Speedy Express;(503) 555-9831;Finland;;Oulu;1;2.3;2.3;31;629.50;0.37;18;0;3;58
1997;3;15;Federal Shipping;(503) 555-9931;Finland;;Helsinki;1;0.75;0.75;5;120.00;0.63;18;0;4;76
1997;3;15;Federal Shipping;(503) 555-9931;Belgium;;Bruxelles;1;12.4;12.4;35;1434.00;0.86;383;0;5;57
1997;3;15;Federal Shipping;(503) 555-9931;Mexico;;México D.F.;1;8.06;8.06;38;813.37;0.99;66;0;6;51
1997;3;15;Federal Shipping;(503) 555-9931;Germany;;Mannheim;1;5.79;5.79;27;464.00;1.25;240;0;7;65
1997;3;14;United Package;(503) 555-3199;France;;Nantes;1;5.55;5.55;19;424.00;1.31;119;0;8;68
1997;3;14;United Package;(503) 555-3199;United States;AK;Anchorage;1;10.48;10.48;54;565.50;1.85;36;0;9;41
1997;3;13;Speedy Express;(503) 555-9831;Italy;;Reggio Emilia;1;0.48;0.48;4;23.80;2.02;206;0;10;78
1997;3;14;United Package;(503) 555-3199;Germany;;Münster;1;27.79;27.79;28;1064.00;2.61;240;0;11;64
1997;3;14;United Package;(503) 555-3199;Italy;;Reggio Emilia;1;4.41;4.41;20;154.40;2.86;206;0;12;67
1997;3;15;Federal Shipping;(503) 555-9931;Canada;BC;Vancouver;1;1.88;1.88;10;57.50;3.27;4;0;13;73
1997;3;15;Federal Shipping;(503) 555-9931;United States;NM;Albuquerque;1;88.84;88.84;59;2388.50;3.72;36;0;14;36
1997;3;13;Speedy Express;(503) 555-9831;United States;WA;Seattle;1;49.02;49.02;59;1180.88;4.15;36;0;15;36
1997;3;13;Speedy Express;(503) 555-9831;Denmark;;Kobenhavn;1;24.39;24.39;30;570.00;4.28;137;0;16;60
1997;3;13;Speedy Express;(503) 555-9831;Venezuela;Táchira;San Cristóbal;1;116.6;116.6;95;2285.00;5.10;32;0;17;19
1997;3;15;Federal Shipping;(503) 555-9931;France;;Strasbourg;2;58.3;29.15;37;1110.00;5.25;119;0;18;55
1997;3;14;United Package;(503) 555-3199;United States;OR;Portland;2;80.21;40.11;41;1420.00;5.65;36;0;19;49
1997;3;14;United Package;(503) 555-3199;Denmark;;Århus;1;2.92;2.92;5;48.75;5.99;137;0;20;76
1997;3;15;Federal Shipping;(503) 555-9931;United Kingdom;;London;1;29.98;29.98;10;493.00;6.08;281;0;21;73
1997;3;15;Federal Shipping;(503) 555-9931;Spain;;Sevilla;1;170.92;170.92;29;2775.05;6.16;94;0;22;62
1997;3;13;Speedy Express;(503) 555-9831;United States;AK;Anchorage;1;79.83;79.83;110;1261.88;6.33;36;0;23;15
1997;3;13;Speedy Express;(503) 555-9831;Portugal;;Lisboa;1;14.92;14.92;16;230.85;6.46;111;0;24;70
1997;3;13;Speedy Express;(503) 555-9831;Austria;;Graz;2;446.52;223.26;274;6261.80;7.13;109;0;25;3
1997;3;14;United Package;(503) 555-3199;Germany;;Brandenburg;1;64.7;64.7;47;903.60;7.16;240;0;26;44
1997;3;15;Federal Shipping;(503) 555-9931;Norway;;Stavern;1;38.64;38.64;8;500.00;7.73;15;0;27;75
1997;3;14;United Package;(503) 555-3199;United States;OR;Eugene;3;489.07;163.02;93;6281.50;7.79;36;0;28;22
1997;3;13;Speedy Express;(503) 555-9831;France;;Toulouse;2;27.65;13.83;29;355.05;7.79;119;0;29;62
1997;3;13;Speedy Express;(503) 555-9831;Brazil;RJ;Rio de Janeiro;2;212.38;106.19;81;2342.38;9.07;25;0;30;26
1997;3;13;Speedy Express;(503) 555-9831;United States;OR;Elgin;2;201.55;100.78;55;2180.80;9.24;36;0;31;39
1997;3;13;Speedy Express;(503) 555-9831;Brazil;SP;Resende;1;13.41;13.41;15;142.50;9.41;25;0;32;71
1997;3;13;Speedy Express;(503) 555-9831;France;;Nantes;2;95.42;47.71;41;983.10;9.71;119;0;33;49
1997;3;14;United Package;(503) 555-3199;Switzerland;;Genève;1;464.84;464.84;46;4666.94;9.96;219;0;34;45
1997;3;13;Speedy Express;(503) 555-9831;Germany;;Stuttgart;2;129.86;64.93;85;1297.75;10.01;240;0;35;24
1997;3;14;United Package;(503) 555-3199;Brazil;SP;Campinas;2;115.53;57.77;61;1119.94;10.32;25;0;36;35
1997;3;15;Federal Shipping;(503) 555-9931;Italy;;Bergamo;1;142.38;142.38;65;1326.23;10.74;206;0;37;34
1997;3;13;Speedy Express;(503) 555-9831;Germany;;Berlin;1;88.38;88.38;38;814.50;10.85;240;0;38;51
1997;3;14;United Package;(503) 555-3199;Sweden;;Luleå;2;607.57;303.78;79;5318.85;11.42;25;0;39;29
1997;3;15;Federal Shipping;(503) 555-9931;Canada;Québec;Montréal;2;271.64;135.82;162;2361.00;11.51;4;0;40;9
1997;3;14;United Package;(503) 555-3199;Brazil;RJ;Rio de Janeiro;2;119.58;59.79;80;1008.38;11.86;25;0;41;27
1997;3;14;United Package;(503) 555-3199;United Kingdom;Isle of Wight;Cowes;2;95.82;47.91;55;803.50;11.93;281;0;42;39
1997;3;15;Federal Shipping;(503) 555-9931;Denmark;;Kobenhavn;1;83.78;83.78;50;696.00;12.04;137;0;43;43
1997;3;13;Speedy Express;(503) 555-9831;Germany;;Frankfurt a.M.;1;64.2;64.2;30;516.47;12.43;240;0;44;60
1997;3;15;Federal Shipping;(503) 555-9931;Germany;;Cunewalde;1;389.34;389.34;140;3120.00;12.48;240;0;45;12
1997;3;14;United Package;(503) 555-3199;Mexico;;México D.F.;2;114.42;57.21;94;910.35;12.57;66;0;46;21
1997;3;13;Speedy Express;(503) 555-9831;Austria;;Salzburg;1;193;193;45;1404.45;13.74;109;0;47;46
1997;3;15;Federal Shipping;(503) 555-9931;Austria;;Salzburg;1;105.36;105.36;67;718.08;14.67;109;0;48;32
1997;3;13;Speedy Express;(503) 555-9831;United States;ID;Boise;1;1001.2;1001.2;213;6475.40;15.46;36;0;49;6
1997;3;14;United Package;(503) 555-3199;Venezuela;Táchira;San Cristóbal;2;375.44;187.72;158;2407.20;15.60;32;0;50;10
1997;3;13;Speedy Express;(503) 555-9831;Finland;;Helsinki;1;68.28;68.28;15;412.35;16.56;18;0;51;71
1997;3;13;Speedy Express;(503) 555-9831;Canada;Québec;Montréal;1;464.04;464.04;105;2697.50;17.20;4;0;52;16
1997;3;13;Speedy Express;(503) 555-9831;Venezuela;Nueva Esparta;I. de Margarita;1;475.32;475.32;101;2720.05;17.47;32;0;53;18
1997;3;14;United Package;(503) 555-3199;France;;Marseille;1;339.45;339.45;80;1930.40;17.58;119;0;54;27
1997;3;15;Federal Shipping;(503) 555-9931;United States;OR;Eugene;1;228.39;228.39;70;1287.40;17.74;36;0;55;31
1997;3;14;United Package;(503) 555-3199;Germany;;Stuttgart;2;182.86;91.43;59;1023.08;17.87;240;0;56;36
1997;3;14;United Package;(503) 555-3199;Republic of Ireland;Co. Cork;Cork;1;889.29;889.29;66;4960.90;17.93;72;0;57;33
1997;3;15;Federal Shipping;(503) 555-9931;Brazil;RJ;Rio de Janeiro;1;101.94;101.94;38;560.00;18.20;25;0;58;51
1997;3;14;United Package;(503) 555-3199;United States;MT;Butte;1;284.4;284.4;26;1393.24;20.41;36;0;59;66
1997;3;13;Speedy Express;(503) 555-9831;Denmark;;Århus;1;167.76;167.76;74;812.50;20.65;137;0;60;30
1997;3;14;United Package;(503) 555-3199;Germany;;München;2;581.45;290.73;164;2759.95;21.07;240;0;61;7
1997;3;13;Speedy Express;(503) 555-9831;Brazil;SP;Sao Paulo;1;603.87;603.87;95;2761.94;21.86;25;0;62;19
1997;3;13;Speedy Express;(503) 555-9831;Germany;;Köln;1;436.89;436.89;90;1768.00;24.71;240;0;63;23
1997;3;14;United Package;(503) 555-3199;Brazil;SP;Sao Paulo;1;317.43;317.43;84;1227.02;25.87;25;0;64;25
1997;3;14;United Package;(503) 555-3199;Germany;;Frankfurt a.M.;1;522.6;522.6;45;1994.40;26.20;240;0;65;46
1997;3;15;Federal Shipping;(503) 555-9931;Brazil;SP;Sao Paulo;2;768.63;384.32;135;2909.60;26.42;25;0;66;13
1997;3;13;Speedy Express;(503) 555-9831;Mexico;;México D.F.;1;131.7;131.7;18;479.75;27.45;66;0;67;69
1997;3;15;Federal Shipping;(503) 555-9931;United States;ID;Boise;2;1770.84;885.42;330;6442.25;27.49;36;0;68;2
1997;3;13;Speedy Express;(503) 555-9831;Sweden;;Luleå;1;165.78;165.78;38;601.83;27.55;25;0;69;51
1997;3;13;Speedy Express;(503) 555-9831;United States;OR;Eugene;1;171.45;171.45;37;604.22;28.38;36;0;70;55
1997;3;14;United Package;(503) 555-3199;Poland;;Warszawa;1;241.95;241.95;31;808.00;29.94;124;0;71;58
1997;3;15;Federal Shipping;(503) 555-9931;Republic of Ireland;Co. Cork;Cork;2;604.42;302.21;150;2008.60;30.09;72;0;72;11
1997;3;13;Speedy Express;(503) 555-9831;Germany;;Cunewalde;1;1456.6;1456.6;255;4464.60;32.63;240;0;73;4
1997;3;15;Federal Shipping;(503) 555-9931;Austria;;Graz;1;1911.6;1911.6;164;5510.59;34.69;109;0;74;7
1997;3;13;Speedy Express;(503) 555-9831;Germany;;München;2;1203.9;601.95;242;3384.90;35.57;240;0;75;5
1997;3;14;United Package;(503) 555-3199;Canada;Québec;Montréal;1;1516.52;1516.52;135;4109.70;36.90;4;0;76;13
1997;3;15;Federal Shipping;(503) 555-9931;France;;Lille;1;1949.52;1949.52;102;4985.50;39.10;119;0;77;17
1997;3;14;United Package;(503) 555-3199;United States;ID;Boise;3;4934.08;1644.69;540;12229.60;40.35;36;0;78;1
1997;4;13;Speedy Express;(503) 555-9831;Germany;;Cunewalde;1;14.08;14.08;92;4529.80;0.31;240;0;1;28
1997;4;15;Federal Shipping;(503) 555-9931;Germany;;Leipzig;1;0.58;0.58;12;114.00;0.51;240;0;2;82
1997;4;15;Federal Shipping;(503) 555-9931;Venezuela;DF;Caracas;1;3.02;3.02;20;387.50;0.78;32;0;3;73
1997;4;13;Speedy Express;(503) 555-9831;United Kingdom;Isle of Wight;Cowes;1;4.66;4.66;12;446.60;1.04;281;0;4;82
1997;4;14;United Package;(503) 555-3199;Brazil;SP;Campinas;1;3.01;3.01;20;224.00;1.34;25;0;5;73
1997;4;14;United Package;(503) 555-3199;Venezuela;Táchira;San Cristóbal;1;7.04;7.04;24;378.00;1.86;32;0;6;66
1997;4;15;Federal Shipping;(503) 555-9931;Brazil;RJ;Rio de Janeiro;1;5.32;5.32;15;236.25;2.25;25;0;7;80
1997;4;14;United Package;(503) 555-3199;Sweden;;Luleå;1;13.42;13.42;35;472.50;2.84;25;0;8;59
1997;4;14;United Package;(503) 555-3199;United States;OR;Portland;1;5.92;5.92;9;180.40;3.28;36;0;9;86
1997;4;14;United Package;(503) 555-3199;France;;Marseille;1;66.84;66.84;99;1948.50;3.43;119;0;10;23
1997;4;14;United Package;(503) 555-3199;United States;ID;Boise;1;157.23;157.23;174;4451.70;3.53;36;0;11;8
1997;4;14;United Package;(503) 555-3199;United Kingdom;;London;1;81.99;81.99;64;2278.40;3.60;281;0;12;44
1997;4;15;Federal Shipping;(503) 555-9931;Mexico;;México D.F.;1;11.99;11.99;10;320.00;3.75;66;0;13;84
1997;4;15;Federal Shipping;(503) 555-9931;United Kingdom;Essex;Colchester;3;85.22;28.41;126;2060.10;4.14;281;0;14;14
1997;4;13;Speedy Express;(503) 555-9831;Venezuela;Táchira;San Cristóbal;1;106.08;106.08;90;2341.36;4.53;32;0;15;30
1997;4;13;Speedy Express;(503) 555-9831;United States;WA;Seattle;1;21.72;21.72;15;468.45;4.64;36;0;16;80
1997;4;13;Speedy Express;(503) 555-9831;United Kingdom;;London;1;33.12;33.12;30;655.00;5.06;281;0;17;64
1997;4;14;United Package;(503) 555-3199;Germany;;Frankfurt a.M.;1;182.56;182.56;43;3603.22;5.07;240;0;18;55
1997;4;15;Federal Shipping;(503) 555-9931;Switzerland;;Bern;1;125.72;125.72;83;2311.70;5.44;219;0;19;31
1997;4;15;Federal Shipping;(503) 555-9931;United States;ID;Boise;1;122.45;122.45;137;2205.75;5.55;36;0;20;12
1997;4;13;Speedy Express;(503) 555-9831;France;;Paris;1;2.91;2.91;3;52.35;5.56;119;0;21;88
1997;4;15;Federal Shipping;(503) 555-9931;Belgium;;Charleroi;1;1.59;1.59;2;28.00;5.68;383;0;22;89
1997;4;13;Speedy Express;(503) 555-9831;Brazil;RJ;Rio de Janeiro;2;74.58;37.29;71;1177.26;6.34;25;0;23;38
1997;4;14;United Package;(503) 555-3199;Spain;;Madrid;1;194.18;194.18;60;3026.85;6.42;94;0;24;46
1997;4;14;United Package;(503) 555-3199;Germany;;München;2;211.45;105.73;106;3100.51;6.82;240;0;25;21
1997;4;14;United Package;(503) 555-3199;Germany;;Berlin;1;61.02;61.02;20;878.00;6.95;240;0;26;73
1997;4;13;Speedy Express;(503) 555-9831;Sweden;;Luleå;1;6.79;6.79;10;96.50;7.04;25;0;27;84
1997;4;14;United Package;(503) 555-3199;United States;NM;Albuquerque;1;37.32;37.32;53;507.00;7.36;36;0;28;50
1997;4;13;Speedy Express;(503) 555-9831;Finland;;Helsinki;1;50.16;50.16;34;642.00;7.81;18;0;29;61
1997;4;13;Speedy Express;(503) 555-9831;Brazil;SP;Campinas;1;56.46;56.46;23;722.50;7.81;25;0;30;68
1997;4;14;United Package;(503) 555-3199;Germany;;Aachen;1;33.35;33.35;20;420.00;7.94;240;0;31;73
1997;4;14;United Package;(503) 555-3199;Germany;;Leipzig;1;116.26;116.26;40;1335.00;8.71;240;0;32;56
1997;4;15;Federal Shipping;(503) 555-9931;Argentina;;Buenos Aires;1;1.1;1.1;1;12.50;8.80;17;0;33;90
1997;4;14;United Package;(503) 555-3199;Republic of Ireland;Co. Cork;Cork;1;88.2;88.2;60;997.00;8.85;72;0;34;46
1997;4;15;Federal Shipping;(503) 555-9931;France;;Reims;1;22.16;22.16;24;240.00;9.23;119;0;35;66
1997;4;13;Speedy Express;(503) 555-9831;France;;Marseille;3;203.73;67.91;99;2140.26;9.52;119;0;36;23
1997;4;14;United Package;(503) 555-3199;Argentina;;Buenos Aires;1;67.71;67.71;22;706.00;9.59;17;0;37;69
1997;4;13;Speedy Express;(503) 555-9831;Switzerland;;Bern;1;193.3;193.3;70;1890.50;10.22;219;0;38;39
1997;4;14;United Package;(503) 555-3199;Austria;;Graz;2;264.51;132.26;116;2502.00;10.57;109;0;39;17
1997;4;14;United Package;(503) 555-3199;France;;Lille;1;402.4;402.4;93;3687.00;10.91;119;0;40;27
1997;4;14;United Package;(503) 555-3199;France;;Reims;1;15.58;15.58;16;139.80;11.14;119;0;41;79
1997;4;15;Federal Shipping;(503) 555-9931;Brazil;SP;Sao Paulo;1;32.49;32.49;22;287.80;11.29;25;0;42;69
1997;4;13;Speedy Express;(503) 555-9831;Venezuela;Lara;Barquisimeto;1;84.26;84.26;50;720.00;11.70;32;0;43;52
1997;4;15;Federal Shipping;(503) 555-9931;Brazil;SP;Campinas;2;637.29;318.65;143;4922.35;12.95;25;0;44;11
1997;4;13;Speedy Express;(503) 555-9831;Italy;;Torino;3;26.72;8.91;20;199.90;13.37;206;0;45;73
1997;4;14;United Package;(503) 555-3199;Brazil;RJ;Rio de Janeiro;2;269.02;134.51;44;1992.50;13.50;25;0;46;54
1997;4;13;Speedy Express;(503) 555-9831;Denmark;;Århus;2;329.43;164.72;130;2420.28;13.61;137;0;47;13
1997;4;15;Federal Shipping;(503) 555-9931;Italy;;Bergamo;2;212.65;106.33;65;1543.20;13.78;206;0;48;43
1997;4;13;Speedy Express;(503) 555-9831;Brazil;SP;Resende;1;165.69;165.69;54;1193.01;13.89;25;0;49;49
1997;4;13;Speedy Express;(503) 555-9831;Germany;;Berlin;1;47.88;47.88;21;330.00;14.51;240;0;50;71
1997;4;13;Speedy Express;(503) 555-9831;Republic of Ireland;Co. Cork;Cork;1;179.86;179.86;33;1233.48;14.58;72;0;51;62
1997;4;14;United Package;(503) 555-3199;United States;WY;Lander;1;292.84;292.84;67;1990.00;14.72;36;0;52;41
1997;4;13;Speedy Express;(503) 555-9831;Finland;;Oulu;1;237.9;237.9;70;1590.56;14.96;18;0;53;39
1997;4;14;United Package;(503) 555-3199;France;;Lyon;1;66.33;66.33;37;439.60;15.09;119;0;54;58
1997;4;15;Federal Shipping;(503) 555-9931;Germany;;Brandenburg;2;775.8;387.9;181;5016.50;15.46;240;0;55;7
1997;4;13;Speedy Express;(503) 555-9831;Belgium;;Bruxelles;1;466.92;466.92;82;2917.00;16.01;383;0;56;32
1997;4;13;Speedy Express;(503) 555-9831;Brazil;SP;Sao Paulo;2;346.95;173.48;152;2126.58;16.31;25;0;57;9
1997;4;13;Speedy Express;(503) 555-9831;Italy;;Reggio Emilia;1;269.7;269.7;40;1624.50;16.60;206;0;58;56
1997;4;14;United Package;(503) 555-3199;United Kingdom;Isle of Wight;Cowes;1;184.59;184.59;31;1080.00;17.09;281;0;59;63
1997;4;15;Federal Shipping;(503) 555-9931;United States;OR;Portland;1;474.68;474.68;20;2775.00;17.11;36;0;60;73
1997;4;13;Speedy Express;(503) 555-9831;United States;ID;Boise;5;1957.33;391.47;642;11314.30;17.30;36;0;61;1
1997;4;15;Federal Shipping;(503) 555-9931;Germany;;Cunewalde;3;1286.74;428.91;295;7264.48;17.71;240;0;62;3
1997;4;13;Speedy Express;(503) 555-9831;United States;MT;Butte;1;40.5;40.5;9;228.00;17.76;36;0;63;86
1997;4;14;United Package;(503) 555-3199;United States;CA;San Francisco;2;246.26;123.13;77;1380.65;17.84;36;0;64;35
1997;4;15;Federal Shipping;(503) 555-9931;Poland;;Warszawa;1;71.37;71.37;28;399.85;17.85;124;0;65;65
1997;4;14;United Package;(503) 555-3199;Sweden;;Bräcke;1;456.9;456.9;75;2545.00;17.95;25;0;66;37
1997;4;14;United Package;(503) 555-3199;Brazil;SP;Sao Paulo;1;233.32;233.32;48;1296.75;17.99;25;0;67;53
1997;4;14;United Package;(503) 555-3199;Canada;Québec;Montréal;1;115.5;115.5;21;638.50;18.09;4;0;68;71
1997;4;15;Federal Shipping;(503) 555-9931;Austria;;Graz;3;1986.31;662.1;435;10951.68;18.14;109;0;69;2
1997;4;15;Federal Shipping;(503) 555-9931;France;;Lille;1;112.05;112.05;66;616.00;18.19;119;0;70;42
1997;4;13;Speedy Express;(503) 555-9831;France;;Toulouse;1;499.86;499.86;35;2622.76;19.06;119;0;71;59
1997;4;13;Speedy Express;(503) 555-9831;Germany;;Köln;1;472.65;472.65;115;2310.00;20.46;240;0;72;18
1997;4;15;Federal Shipping;(503) 555-9931;United States;AK;Anchorage;1;406.89;406.89;52;1893.00;21.49;36;0;73;51
1997;4;15;Federal Shipping;(503) 555-9931;Finland;;Oulu;1;219.48;219.48;58;975.88;22.49;18;0;74;48
1997;4;13;Speedy Express;(503) 555-9831;Venezuela;Nueva Esparta;I. de Margarita;1;182.08;182.08;76;805.43;22.61;32;0;75;36
1997;4;15;Federal Shipping;(503) 555-9931;Sweden;;Luleå;1;330.33;330.33;61;1459.00;22.64;25;0;76;45
1997;4;15;Federal Shipping;(503) 555-9931;Venezuela;Nueva Esparta;I. de Margarita;1;423.18;423.18;120;1850.00;22.87;32;0;77;15
1997;4;15;Federal Shipping;(503) 555-9931;Republic of Ireland;Co. Cork;Cork;1;660.93;660.93;97;2864.50;23.07;72;0;78;25
1997;4;14;United Package;(503) 555-3199;United States;WA;Seattle;1;327.52;327.52;94;1416.00;23.13;36;0;79;26
1997;4;15;Federal Shipping;(503) 555-9931;Canada;BC;Tsawassen;1;731.19;731.19;105;3118.00;23.45;4;0;80;22
1997;4;15;Federal Shipping;(503) 555-9931;United Kingdom;;London;2;415.1;207.55;78;1720.94;24.12;281;0;81;34
1997;4;13;Speedy Express;(503) 555-9831;Austria;;Salzburg;1;469.32;469.32;82;1912.85;24.54;109;0;82;32
1997;4;15;Federal Shipping;(503) 555-9931;United States;WA;Seattle;2;762.46;381.23;149;3067.20;24.86;36;0;83;10
1997;4;13;Speedy Express;(503) 555-9831;Sweden;;Bräcke;2;1411.36;705.68;186;5205.75;27.11;25;0;84;6
1997;4;14;United Package;(503) 555-3199;Denmark;;Århus;1;897.27;897.27;92;3160.60;28.39;137;0;85;28
1997;4;15;Federal Shipping;(503) 555-9931;Switzerland;;Genève;2;937.67;468.84;197;3276.08;28.62;219;0;86;5
1997;4;14;United Package;(503) 555-3199;United Kingdom;Essex;Colchester;2;609;304.5;109;1796.20;33.90;281;0;87;19
1997;4;14;United Package;(503) 555-3199;Denmark;;Kobenhavn;1;1029.04;1029.04;120;2942.81;34.97;137;0;88;15
1997;4;14;United Package;(503) 555-3199;Germany;;Cunewalde;2;4135.65;2067.83;272;10896.30;37.95;240;0;89;4
1997;4;13;Speedy Express;(503) 555-9831;Austria;;Graz;1;1362.35;1362.35;108;3436.44;39.64;109;0;90;20
1998;1;13;Speedy Express;(503) 555-9831;Finland;;Helsinki;1;1.64;1.64;23;336.80;0.49;18;0;1;91
1998;1;15;Federal Shipping;(503) 555-9931;Venezuela;Lara;Barquisimeto;1;1.21;1.21;8;122.40;0.99;32;0;2;111
1998;1;14;United Package;(503) 555-3199;Brazil;RJ;Rio de Janeiro;1;193.37;193.37;60;15810.00;1.22;25;0;3;57
1998;1;15;Federal Shipping;(503) 555-9931;United States;OR;Portland;1;0.53;0.53;8;36.00;1.47;36;0;4;111
1998;1;14;United Package;(503) 555-3199;United Kingdom;Essex;Colchester;3;83.13;27.71;143;5113.25;1.63;281;0;5;19
1998;1;15;Federal Shipping;(503) 555-9931;Spain;;Barcelona;1;2.5;2.5;10;140.00;1.79;94;0;6;108
1998;1;13;Speedy Express;(503) 555-9831;France;;Strasbourg;1;14.18;14.18;50;730.00;1.94;119;0;7;65
1998;1;13;Speedy Express;(503) 555-9831;United States;OR;Portland;1;1.93;1.93;3;98.40;1.96;36;0;8;114
1998;1;13;Speedy Express;(503) 555-9831;Spain;;Barcelona;1;5.44;5.44;20;275.00;1.98;94;0;9;95
1998;1;14;United Package;(503) 555-3199;United States;WA;Seattle;1;74.65;74.65;140;3523.40;2.12;36;0;10;21
1998;1;13;Speedy Express;(503) 555-9831;Canada;BC;Tsawassen;1;28.02;28.02;29;1014.00;2.76;4;0;11;88
1998;1;15;Federal Shipping;(503) 555-9931;United States;WY;Lander;1;12.96;12.96;10;439.00;2.95;36;0;12;108
1998;1;15;Federal Shipping;(503) 555-9931;Spain;;Sevilla;1;70.17;70.17;53;2362.25;2.97;94;0;13;63
1998;1;15;Federal Shipping;(503) 555-9931;Italy;;Reggio Emilia;1;17.95;17.95;28;560.00;3.21;206;0;14;89
1998;1;14;United Package;(503) 555-3199;United States;NM;Albuquerque;2;159.8;79.9;130;4714.80;3.39;36;0;15;24
1998;1;14;United Package;(503) 555-3199;Austria;;Salzburg;1;25.22;25.22;35;735.00;3.43;109;0;16;77
1998;1;13;Speedy Express;(503) 555-9831;Brazil;SP;Resende;1;4.87;4.87;20;140.00;3.48;25;0;17;95
1998;1;14;United Package;(503) 555-3199;Brazil;SP;Campinas;1;4.98;4.98;20;131.75;3.78;25;0;18;95
1998;1;14;United Package;(503) 555-3199;Brazil;SP;Resende;2;15.38;7.69;23;375.75;4.09;25;0;19;91
1998;1;14;United Package;(503) 555-3199;Sweden;;Bräcke;1;3.26;3.26;12;74.40;4.38;25;0;20;106
1998;1;14;United Package;(503) 555-3199;Spain;;Madrid;1;16.58;16.58;11;365.89;4.53;94;0;21;107
1998;1;14;United Package;(503) 555-3199;United Kingdom;;London;3;86.25;28.75;88;1862.50;4.63;281;0;22;38
1998;1;15;Federal Shipping;(503) 555-9931;Portugal;;Lisboa;1;2.7;2.7;2;57.80;4.67;111;0;23;115
1998;1;14;United Package;(503) 555-3199;Venezuela;Nueva Esparta;I. de Margarita;2;64.82;32.41;84;1334.00;4.86;32;0;24;40
1998;1;15;Federal Shipping;(503) 555-9931;United States;NM;Albuquerque;1;561.22;561.22;80;11380.00;4.93;36;0;25;42
1998;1;15;Federal Shipping;(503) 555-9931;Sweden;;Luleå;1;53.28;53.28;92;1064.50;5.01;25;0;26;33
1998;1;15;Federal Shipping;(503) 555-9931;Belgium;;Charleroi;3;254.14;84.71;274;4576.50;5.55;383;0;27;9
1998;1;15;Federal Shipping;(503) 555-9931;Brazil;SP;Sao Paulo;2;130.42;65.21;73;2260.26;5.77;25;0;28;50
1998;1;14;United Package;(503) 555-3199;Denmark;;Århus;1;81.6;81.6;90;1407.50;5.80;137;0;29;34
1998;1;14;United Package;(503) 555-3199;France;;Lyon;1;9.26;9.26;4;159.00;5.82;119;0;30;113
1998;1;15;Federal Shipping;(503) 555-9931;United States;WA;Kirkland;1;14;14;9;237.90;5.88;36;0;31;110
1998;1;15;Federal Shipping;(503) 555-9931;Germany;;Frankfurt a.M.;1;32.01;32.01;20;500.00;6.40;240;0;32;95
1998;1;15;Federal Shipping;(503) 555-9931;Canada;BC;Vancouver;1;12.99;12.99;17;187.00;6.95;4;0;33;101
1998;1;14;United Package;(503) 555-3199;France;;Nantes;1;121.82;121.82;14;1733.06;7.03;119;0;34;104
1998;1;13;Speedy Express;(503) 555-9831;Spain;;Madrid;1;16.16;16.16;40;224.00;7.21;94;0;35;72
1998;1;14;United Package;(503) 555-3199;Belgium;;Bruxelles;2;251.55;125.78;116;3393.20;7.41;383;0;36;26
1998;1;15;Federal Shipping;(503) 555-9931;France;;Nantes;1;38.52;38.52;23;519.00;7.42;119;0;37;91
1998;1;13;Speedy Express;(503) 555-9831;Switzerland;;Bern;1;81.57;81.57;32;1098.46;7.43;219;0;38;81
1998;1;13;Speedy Express;(503) 555-9831;Venezuela;Táchira;San Cristóbal;3;166.31;55.44;114;2111.85;7.88;32;0;39;27
1998;1;15;Federal Shipping;(503) 555-9931;Canada;BC;Tsawassen;4;618.72;154.68;260;7612.33;8.13;4;0;40;10
1998;1;13;Speedy Express;(503) 555-9831;Venezuela;Nueva Esparta;I. de Margarita;2;205.3;102.65;170;2511.54;8.17;32;0;41;18
1998;1;13;Speedy Express;(503) 555-9831;Germany;;Cunewalde;3;1807.87;602.62;405;21739.20;8.32;240;0;42;4
1998;1;13;Speedy Express;(503) 555-9831;Germany;;Leipzig;1;20.44;20.44;30;245.00;8.34;240;0;43;87
1998;1;14;United Package;(503) 555-3199;France;;Versailles;2;45.55;22.78;34;543.05;8.39;119;0;44;78
1998;1;15;Federal Shipping;(503) 555-9931;France;;Paris;1;9.19;9.19;14;108.50;8.47;119;0;45;104
1998;1;15;Federal Shipping;(503) 555-9931;Poland;;Warszawa;2;50.37;25.19;20;587.50;8.57;124;0;46;95
1998;1;15;Federal Shipping;(503) 555-9931;Belgium;;Bruxelles;1;64.9;64.9;31;750.50;8.65;383;0;47;86
1998;1;13;Speedy Express;(503) 555-9831;Germany;;München;1;101.79;101.79;124;1174.75;8.66;240;0;48;25
1998;1;15;Federal Shipping;(503) 555-9931;Argentina;;Buenos Aires;2;102.54;51.27;55;1121.80;9.14;17;0;49;60
1998;1;15;Federal Shipping;(503) 555-9931;Venezuela;Nueva Esparta;I. de Margarita;1;177.84;177.84;79;1938.38;9.17;32;0;50;45
1998;1;13;Speedy Express;(503) 555-9831;Brazil;RJ;Rio de Janeiro;6;936.87;156.15;410;10116.78;9.26;25;0;51;3
1998;1;14;United Package;(503) 555-3199;Germany;;Brandenburg;3;1614.3;538.1;341;17422.77;9.27;240;0;52;6
1998;1;14;United Package;(503) 555-3199;Switzerland;;Genève;2;119.75;59.88;143;1257.96;9.52;219;0;53;19
1998;1;14;United Package;(503) 555-3199;Italy;;Reggio Emilia;1;65.92;65.92;34;663.10;9.94;206;0;54;78
1998;1;15;Federal Shipping;(503) 555-9931;United States;AK;Anchorage;2;235.44;117.72;86;2259.00;10.42;36;0;55;39
1998;1;13;Speedy Express;(503) 555-9831;Italy;;Reggio Emilia;1;179.34;179.34;76;1692.80;10.59;206;0;56;49
1998;1;14;United Package;(503) 555-3199;Mexico;;México D.F.;2;127.39;63.7;90;1199.50;10.62;66;0;57;34
1998;1;13;Speedy Express;(503) 555-9831;United States;WY;Lander;1;73.36;73.36;26;678.00;10.82;36;0;58;90
1998;1;13;Speedy Express;(503) 555-9831;France;;Nantes;1;98.28;98.28;39;860.10;11.43;119;0;59;74
1998;1;15;Federal Shipping;(503) 555-9931;United Kingdom;Isle of Wight;Cowes;1;108.3;108.3;32;920.60;11.76;281;0;60;81
1998;1;13;Speedy Express;(503) 555-9831;Sweden;;Bräcke;4;356.05;89.01;207;2862.23;12.44;25;0;61;12
1998;1;15;Federal Shipping;(503) 555-9931;France;;Marseille;2;160.38;80.19;69;1277.00;12.56;119;0;62;53
1998;1;13;Speedy Express;(503) 555-9831;United States;ID;Boise;1;348.39;348.39;198;2753.10;12.65;36;0;63;14
1998;1;14;United Package;(503) 555-3199;France;;Paris;1;262.14;262.14;21;2052.50;12.77;119;0;64;94
1998;1;15;Federal Shipping;(503) 555-9931;Finland;;Helsinki;2;139.83;69.91;59;1064.20;13.14;18;0;65;58
1998;1;14;United Package;(503) 555-3199;Germany;;Frankfurt a.M.;2;126.83;63.42;48;949.93;13.35;240;0;66;69
1998;1;14;United Package;(503) 555-3199;Norway;;Stavern;2;447.91;223.95;59;3354.40;13.35;15;0;67;58
1998;1;13;Speedy Express;(503) 555-9831;Spain;;Sevilla;1;114.57;114.57;37;858.00;13.35;94;0;68;76
1998;1;13;Speedy Express;(503) 555-9831;Republic of Ireland;Co. Cork;Cork;1;274.53;274.53;79;2023.38;13.57;72;0;69;45
1998;1;13;Speedy Express;(503) 555-9831;Brazil;SP;Sao Paulo;3;329.28;109.76;176;2426.15;13.57;25;0;70;17
1998;1;14;United Package;(503) 555-3199;Germany;;Münster;1;124.44;124.44;52;910.40;13.67;240;0;71;64
1998;1;14;United Package;(503) 555-3199;Venezuela;Táchira;San Cristóbal;1;60.52;60.52;32;441.15;13.72;32;0;72;81
1998;1;14;United Package;(503) 555-3199;Republic of Ireland;Co. Cork;Cork;2;2368.9;1184.45;216;17035.79;13.91;72;0;73;11
1998;1;15;Federal Shipping;(503) 555-9931;Brazil;RJ;Rio de Janeiro;2;235.61;117.81;131;1674.55;14.07;25;0;74;23
1998;1;14;United Package;(503) 555-3199;Germany;;Mannheim;2;187.78;93.89;44;1302.00;14.42;240;0;75;70
1998;1;13;Speedy Express;(503) 555-9831;France;;Versailles;2;216.9;108.45;49;1449.00;14.97;119;0;76;68
1998;1;13;Speedy Express;(503) 555-9831;Germany;;Aachen;1;158.5;158.5;32;1030.76;15.38;240;0;77;81
1998;1;15;Federal Shipping;(503) 555-9931;Italy;;Bergamo;1;130.96;130.96;40;833.00;15.72;206;0;78;72
1998;1;15;Federal Shipping;(503) 555-9931;Austria;;Graz;1;223.8;223.8;64;1408.00;15.89;109;0;79;55
1998;1;14;United Package;(503) 555-3199;France;;Marseille;2;463.89;231.95;114;2822.23;16.44;119;0;80;27
1998;1;15;Federal Shipping;(503) 555-9931;Germany;;Berlin;1;139.06;139.06;17;845.80;16.44;240;0;81;101
1998;1;14;United Package;(503) 555-3199;United States;OR;Eugene;2;1473.24;736.62;80;8902.45;16.55;36;0;82;42
1998;1;15;Federal Shipping;(503) 555-9931;United States;WA;Seattle;1;325.9;325.9;50;1924.25;16.94;36;0;83;65
1998;1;13;Speedy Express;(503) 555-9831;Argentina;;Buenos Aires;2;184.54;92.27;17;1082.00;17.06;17;0;84;101
1998;1;13;Speedy Express;(503) 555-9831;Germany;;Berlin;1;80.84;80.84;18;471.20;17.16;240;0;85;100
1998;1;13;Speedy Express;(503) 555-9831;United States;NM;Albuquerque;1;522.15;522.15;71;2984.00;17.50;36;0;86;52
1998;1;15;Federal Shipping;(503) 555-9931;Venezuela;Táchira;San Cristóbal;1;316.08;316.08;78;1762.70;17.93;32;0;87;47
1998;1;13;Speedy Express;(503) 555-9831;Denmark;;Århus;1;352.96;352.96;50;1936.00;18.23;137;0;88;65
1998;1;14;United Package;(503) 555-3199;United States;CA;San Francisco;1;272.91;272.91;73;1378.07;19.80;36;0;89;50
1998;1;14;United Package;(503) 555-3199;Italy;;Bergamo;2;155.16;77.58;55;747.50;20.76;206;0;90;60
1998;1;14;United Package;(503) 555-3199;Germany;;München;1;228.3;228.3;105;1078.69;21.16;240;0;91;31
1998;1;14;United Package;(503) 555-3199;Brazil;SP;Sao Paulo;3;901.34;300.45;189;4002.60;22.52;25;0;92;16
1998;1;15;Federal Shipping;(503) 555-9931;Brazil;SP;Resende;1;142.77;142.77;33;619.50;23.05;25;0;93;80
1998;1;14;United Package;(503) 555-3199;Venezuela;Lara;Barquisimeto;1;655.88;655.88;90;2826.00;23.21;32;0;94;34
1998;1;13;Speedy Express;(503) 555-9831;France;;Lyon;1;147.57;147.57;54;629.00;23.46;119;0;95;62
1998;1;14;United Package;(503) 555-3199;Germany;;Köln;1;214.47;214.47;38;906.93;23.65;240;0;96;75
1998;1;14;United Package;(503) 555-3199;Germany;;Cunewalde;2;1506.51;753.26;323;6315.88;23.85;240;0;97;7
1998;1;14;United Package;(503) 555-3199;Sweden;;Luleå;3;1118.22;372.74;192;4593.46;24.34;25;0;98;15
1998;1;13;Speedy Express;(503) 555-9831;Austria;;Graz;2;2710.4;1355.2;518;11084.90;24.45;109;0;99;1
1998;1;15;Federal Shipping;(503) 555-9931;Mexico;;México D.F.;2;377.36;188.68;81;1489.40;25.34;66;0;100;41
1998;1;13;Speedy Express;(503) 555-9831;United Kingdom;;London;2;1129.56;564.78;206;4402.00;25.66;281;0;101;13
1998;1;15;Federal Shipping;(503) 555-9931;France;;Toulouse;1;204.78;204.78;44;748.80;27.35;119;0;102;70
1998;1;14;United Package;(503) 555-3199;Spain;;Sevilla;3;824.6;274.87;114;2973.46;27.73;94;0;103;27
1998;1;15;Federal Shipping;(503) 555-9931;France;;Lyon;1;523.76;523.76;78;1788.45;29.29;119;0;104;47
1998;1;14;United Package;(503) 555-3199;Austria;;Graz;2;2318.86;1159.43;372;7780.00;29.81;109;0;105;5
1998;1;13;Speedy Express;(503) 555-9831;Sweden;;Luleå;1;327.33;327.33;67;1096.20;29.86;25;0;106;54
1998;1;13;Speedy Express;(503) 555-9831;France;;Marseille;1;538.56;538.56;80;1788.63;30.11;119;0;107;42
1998;1;13;Speedy Express;(503) 555-9831;United States;AK;Anchorage;1;683.88;683.88;103;2227.89;30.70;36;0;108;32
1998;1;14;United Package;(503) 555-3199;Argentina;;Buenos Aires;4;1212.7;303.18;138;3717.70;32.62;17;0;109;22
1998;1;13;Speedy Express;(503) 555-9831;United Kingdom;Isle of Wight;Cowes;1;618.88;618.88;61;1764.00;35.08;281;0;110;56
1998;1;14;United Package;(503) 555-3199;France;;Toulouse;1;173.04;173.04;32;475.11;36.42;119;0;111;81
1998;1;14;United Package;(503) 555-3199;Belgium;;Charleroi;1;1697.2;1697.2;111;4581.00;37.05;383;0;112;30
1998;1;15;Federal Shipping;(503) 555-9931;Sweden;;Bräcke;1;834;834;90;2233.00;37.35;25;0;113;34
1998;1;15;Federal Shipping;(503) 555-9931;United States;ID;Boise;4;3643;910.75;496;7674.31;47.47;36;0;114;2
1998;1;14;United Package;(503) 555-3199;United States;ID;Boise;2;2918.32;1459.16;303;4732.65;61.66;36;0;115;8
1998;2;14;United Package;(503) 555-3199;Germany;;Cunewalde;1;1.12;1.12;40;560.00;0.20;240;0;1;41
1998;2;13;Speedy Express;(503) 555-9831;Argentina;;Buenos Aires;1;0.66;0.66;30;305.00;0.22;17;0;2;52
1998;2;13;Speedy Express;(503) 555-9831;Finland;;Helsinki;1;1.5;1.5;12;586.00;0.26;18;0;3;64
1998;2;13;Speedy Express;(503) 555-9831;Germany;;Berlin;1;2.42;2.42;60;933.50;0.26;240;0;4;27
1998;2;15;Federal Shipping;(503) 555-9931;Sweden;;Bräcke;1;17.62;17.62;85;4895.44;0.36;25;0;5;18
1998;2;13;Speedy Express;(503) 555-9831;Poland;;Warszawa;1;8.72;8.72;12;591.60;1.47;124;0;6;64
1998;2;14;United Package;(503) 555-3199;Norway;;Stavern;1;9.24;9.24;33;622.35;1.48;15;0;7;48
1998;2;14;United Package;(503) 555-3199;United States;OR;Portland;1;34.95;34.95;35;1575.00;2.22;36;0;8;46
1998;2;13;Speedy Express;(503) 555-9831;Germany;;Brandenburg;1;59.18;59.18;59;2160.00;2.74;240;0;9;29
1998;2;14;United Package;(503) 555-3199;Belgium;;Charleroi;2;89.45;44.73;147;2487.10;3.60;383;0;10;8
1998;2;14;United Package;(503) 555-3199;Switzerland;;Genève;1;18.57;18.57;42;498.10;3.73;219;0;11;39
1998;2;13;Speedy Express;(503) 555-9831;Venezuela;Lara;Barquisimeto;2;27.68;13.84;49;673.92;4.11;32;0;12;37
1998;2;14;United Package;(503) 555-3199;France;;Paris;1;8.8;8.8;10;210.00;4.19;119;0;13;67
1998;2;15;Federal Shipping;(503) 555-9931;Canada;BC;Tsawassen;1;24.12;24.12;42;525.00;4.59;4;0;14;39
1998;2;15;Federal Shipping;(503) 555-9931;United States;OR;Eugene;2;32.85;16.43;35;710.00;4.63;36;0;15;46
1998;2;14;United Package;(503) 555-3199;Austria;;Salzburg;1;159.15;159.15;80;3055.00;5.21;109;0;16;20
1998;2;15;Federal Shipping;(503) 555-9931;Switzerland;;Genève;1;169.48;169.48;106;3232.80;5.24;219;0;17;14
1998;2;14;United Package;(503) 555-3199;Switzerland;;Bern;1;96.44;96.44;60;1773.00;5.44;219;0;18;27
1998;2;13;Speedy Express;(503) 555-9831;Brazil;SP;Campinas;1;16.68;16.68;14;273.60;6.10;25;0;19;61
1998;2;15;Federal Shipping;(503) 555-9931;United States;OR;Portland;1;4.27;4.27;2;69.60;6.14;36;0;20;72
1998;2;15;Federal Shipping;(503) 555-9931;Denmark;;Århus;1;65.53;65.53;18;940.50;6.97;137;0;21;59
1998;2;13;Speedy Express;(503) 555-9831;Switzerland;;Bern;1;95.68;95.68;32;1286.80;7.44;219;0;22;50
1998;2;15;Federal Shipping;(503) 555-9931;Mexico;;México D.F.;1;92;92;24;1196.00;7.69;66;0;23;56
1998;2;15;Federal Shipping;(503) 555-9931;France;;Toulouse;1;2.79;2.79;10;36.00;7.75;119;0;24;67
1998;2;15;Federal Shipping;(503) 555-9931;Austria;;Graz;2;708.82;354.41;437;8969.75;7.90;109;0;25;2
1998;2;14;United Package;(503) 555-3199;Denmark;;Kobenhavn;1;18.44;18.44;14;232.08;7.95;137;0;26;61
1998;2;14;United Package;(503) 555-3199;Italy;;Torino;1;21.96;21.96;14;266.00;8.26;206;0;27;61
1998;2;14;United Package;(503) 555-3199;Brazil;RJ;Rio de Janeiro;2;269.94;134.97;142;3240.00;8.33;25;0;28;10
1998;2;15;Federal Shipping;(503) 555-9931;Argentina;;Buenos Aires;1;6.34;6.34;5;76.00;8.34;17;0;29;71
1998;2;14;United Package;(503) 555-3199;Venezuela;Nueva Esparta;I. de Margarita;1;260;260;132;3090.00;8.41;32;0;30;11
1998;2;13;Speedy Express;(503) 555-9831;Italy;;Torino;1;94.18;94.18;18;1030.00;9.14;206;0;31;59
1998;2;14;United Package;(503) 555-3199;Germany;;Aachen;1;7.98;7.98;9;86.85;9.19;240;0;32;70
1998;2;15;Federal Shipping;(503) 555-9931;Venezuela;Nueva Esparta;I. de Margarita;1;23.6;23.6;28;243.18;9.70;32;0;33;54
1998;2;14;United Package;(503) 555-3199;Mexico;;México D.F.;2;65.57;32.79;50;660.00;9.93;66;0;34;35
1998;2;13;Speedy Express;(503) 555-9831;Brazil;RJ;Rio de Janeiro;1;134.52;134.52;40;1332.00;10.10;25;0;35;41
1998;2;14;United Package;(503) 555-3199;Canada;BC;Tsawassen;1;141.16;141.16;39;1309.50;10.78;4;0;36;43
1998;2;15;Federal Shipping;(503) 555-9931;Germany;;Mannheim;1;93.42;93.42;28;858.00;10.89;240;0;37;54
1998;2;14;United Package;(503) 555-3199;Italy;;Reggio Emilia;2;117.28;58.64;52;1051.40;11.15;206;0;38;33
1998;2;15;Federal Shipping;(503) 555-9931;United Kingdom;;London;2;97.37;48.68;58;862.88;11.28;281;0;39;30
1998;2;13;Speedy Express;(503) 555-9831;United States;ID;Boise;2;715.09;357.55;308;6141.50;11.64;36;0;40;5
1998;2;14;United Package;(503) 555-3199;Venezuela;Lara;Barquisimeto;1;221.73;221.73;90;1885.00;11.76;32;0;41;16
1998;2;14;United Package;(503) 555-3199;Poland;;Warszawa;1;81.24;81.24;69;686.00;11.84;124;0;42;26
1998;2;13;Speedy Express;(503) 555-9831;Canada;BC;Tsawassen;1;105.04;105.04;51;877.72;11.97;4;0;43;34
1998;2;14;United Package;(503) 555-3199;Brazil;SP;Sao Paulo;1;245.25;245.25;72;2027.08;12.10;25;0;44;23
1998;2;15;Federal Shipping;(503) 555-9931;United States;MT;Butte;1;44.73;44.73;24;326.00;13.72;36;0;45;56
1998;2;14;United Package;(503) 555-3199;United Kingdom;Essex;Colchester;1;67.6;67.6;31;491.50;13.75;281;0;46;51
1998;2;14;United Package;(503) 555-3199;United States;WA;Seattle;1;134.16;134.16;80;928.75;14.45;36;0;47;20
1998;2;14;United Package;(503) 555-3199;Germany;;Stuttgart;1;214.92;214.92;53;1485.80;14.46;240;0;48;32
1998;2;14;United Package;(503) 555-3199;France;;Marseille;1;114.84;114.84;50;792.75;14.49;119;0;49;35
1998;2;13;Speedy Express;(503) 555-9831;Brazil;SP;Sao Paulo;1;59.98;59.98;19;405.75;14.78;25;0;50;58
1998;2;13;Speedy Express;(503) 555-9831;United Kingdom;;London;1;297.44;297.44;113;1966.81;15.12;281;0;51;12
1998;2;14;United Package;(503) 555-3199;United States;OR;Eugene;1;50.38;50.38;10;329.69;15.28;36;0;52;67
1998;2;14;United Package;(503) 555-3199;United States;NM;Albuquerque;1;213.25;213.25;72;1255.72;16.98;36;0;53;23
1998;2;15;Federal Shipping;(503) 555-9931;Germany;;Aachen;1;298.94;298.94;37;1692.00;17.67;240;0;54;44
1998;2;14;United Package;(503) 555-3199;Germany;;Köln;2;332.35;166.17;80;1830.35;18.16;240;0;55;20
1998;2;14;United Package;(503) 555-3199;Republic of Ireland;Co. Cork;Cork;1;245.19;245.19;100;1342.95;18.26;72;0;56;15
1998;2;15;Federal Shipping;(503) 555-9931;United States;NM;Albuquerque;1;165.36;165.36;85;903.75;18.30;36;0;57;18
1998;2;13;Speedy Express;(503) 555-9831;Germany;;Cunewalde;2;1601.43;800.72;328;8602.24;18.62;240;0;58;4
1998;2;15;Federal Shipping;(503) 555-9931;United States;WA;Seattle;1;1818.57;1818.57;90;8902.50;20.43;36;0;59;16
1998;2;14;United Package;(503) 555-3199;United Kingdom;;London;2;1084.54;542.27;159;5240.00;20.70;281;0;60;7
1998;2;15;Federal Shipping;(503) 555-9931;Finland;;Oulu;1;58.34;58.34;30;270.00;21.61;18;0;61;52
1998;2;13;Speedy Express;(503) 555-9831;United States;AK;Anchorage;1;120.96;120.96;33;539.40;22.42;36;0;62;48
1998;2;14;United Package;(503) 555-3199;Portugal;;Lisboa;1;606.72;606.72;54;2633.90;23.04;111;0;63;31
1998;2;14;United Package;(503) 555-3199;Sweden;;Bräcke;2;848.61;424.31;166;3579.00;23.71;25;0;64;6
1998;2;15;Federal Shipping;(503) 555-9931;Germany;;München;1;728.85;728.85;146;2825.30;25.80;240;0;65;9
1998;2;13;Speedy Express;(503) 555-9831;Spain;;Sevilla;2;180.53;90.27;43;676.50;26.69;94;0;66;38
1998;2;14;United Package;(503) 555-3199;Austria;;Graz;2;3297.34;1648.67;365;11968.00;27.55;109;0;67;3
1998;2;14;United Package;(503) 555-3199;Venezuela;Táchira;San Cristóbal;1;483.68;483.68;70;1727.50;28.00;32;0;68;25
1998;2;14;United Package;(503) 555-3199;United States;ID;Boise;2;4459.1;2229.55;512;15008.55;29.71;36;0;69;1
1998;2;13;Speedy Express;(503) 555-9831;Belgium;;Bruxelles;1;89.68;89.68;12;295.38;30.36;383;0;70;64
1998;2;13;Speedy Express;(503) 555-9831;Germany;;Frankfurt a.M.;1;544;544;110;1629.98;33.37;240;0;71;13
1998;2;13;Speedy Express;(503) 555-9831;Spain;;Madrid;1;131.96;131.96;36;361.00;36.55;94;0;72;45
;;;;;;;;;;;;;;;;;
;;;;;;;;;;;;;;;;;
