id_indicador;id_ejecucion;nombre_indicador;entidad_asociada;resultado;detalles
1;1;DATABASE_CONNECTION;DB_FILE;PASS;Conexión exitosa a la base de datos
2;1;INGESTA_DIR_EXISTS;DIRECTORY;PASS;Directorio encontrado: .data/ingesta1
3;1;AVAILABLE_FILES;FILE_VALIDATION;12;Archivos disponibles: 12/12
4;1;FILE_ENCODING;categories.csv;UTF-8;Archivo leído correctamente con encoding UTF-8
5;1;EMPTY_FILE_CHECK;categories.csv;PASS;Archivo contiene 8 registros
6;1;COLUMN_COUNT;categories.csv;4;Número de columnas: 4
7;1;DUPLICATE_ROWS;categories.csv;PASS;No se encontraron filas duplicadas
8;1;COLUMN_NORMALIZATION;categories.csv;PERFORMED;Columnas renombradas: 2
9;1;COLUMN_NORMALIZATION_DETAIL;categories.csv;MAPPING;"{""categoryID"": ""category_id"", ""categoryName"": ""category_name""}"
10;1;BUSINESS_KEY_UNIQUENESS;TMP_categories;PASS;Todas las claves de negocio son únicas (8 registros)
11;1;RECORD_COUNT_LOADED;TMP_categories;8;Operación: LOADED, Registros: 8
12;1;COUNT_VALIDATION;TMP_categories;PASS;Registros encontrados: 8, mínimo esperado: 8
13;1;FILE_ENCODING;products.csv;UTF-8;Archivo leído correctamente con encoding UTF-8
14;1;EMPTY_FILE_CHECK;products.csv;PASS;Archivo contiene 77 registros
15;1;COLUMN_COUNT;products.csv;10;Número de columnas: 10
16;1;DUPLICATE_ROWS;products.csv;PASS;No se encontraron filas duplicadas
17;1;COLUMN_NORMALIZATION;products.csv;PERFORMED;Columnas renombradas: 9
18;1;COLUMN_NORMALIZATION_DETAIL;products.csv;MAPPING;"{""productID"": ""product_id"", ""productName"": ""product_name"", ""supplierID"": ""supplier_id"", ""categoryID"": ""category_id"", ""quantityPerUnit"": ""quantity_per_unit"", ""unitPrice"": ""unit_price"", ""unitsInStock"": ""units_in_stock"", ""unitsOnOrder"": ""units_on_order"", ""reorderLevel"": ""reorder_level""}"
19;1;NULL_PRICE;TMP_products;PASS;Todos los productos tienen precio
20;1;COMPLETENESS_SCORE;TMP_products;PASS;Completitud promedio: 100.0% (product_id: 100.0%, product_name: 100.0%)
21;1;BUSINESS_KEY_UNIQUENESS;TMP_products;PASS;Todas las claves de negocio son únicas (77 registros)
22;1;RECORD_COUNT_LOADED;TMP_products;77;Operación: LOADED, Registros: 77
23;1;COUNT_VALIDATION;TMP_products;PASS;Registros encontrados: 77, mínimo esperado: 77
24;1;FILE_ENCODING;suppliers.csv;UTF-8;Archivo leído correctamente con encoding UTF-8
25;1;EMPTY_FILE_CHECK;suppliers.csv;PASS;Archivo contiene 29 registros
26;1;COLUMN_COUNT;suppliers.csv;12;Número de columnas: 12
27;1;DUPLICATE_ROWS;suppliers.csv;PASS;No se encontraron filas duplicadas
28;1;COLUMN_NORMALIZATION;suppliers.csv;PERFORMED;Columnas renombradas: 6
29;1;COLUMN_NORMALIZATION_DETAIL;suppliers.csv;MAPPING;"{""supplierID"": ""supplier_id"", ""companyName"": ""company_name"", ""contactName"": ""contact_name"", ""contactTitle"": ""contact_title"", ""postalCode"": ""postal_code"", ""homePage"": ""home_page""}"
30;1;NULL_VALUES;TMP_suppliers.region;FAIL;Valores nulos: 20 (69.0%)
31;1;NULL_VALUES;TMP_suppliers.fax;FAIL;Valores nulos: 16 (55.2%)
32;1;NULL_VALUES;TMP_suppliers.home_page;FAIL;Valores nulos: 24 (82.8%)
33;1;BUSINESS_KEY_UNIQUENESS;TMP_suppliers;PASS;Todas las claves de negocio son únicas (29 registros)
34;1;RECORD_COUNT_LOADED;TMP_suppliers;29;Operación: LOADED, Registros: 29
35;1;COUNT_VALIDATION;TMP_suppliers;PASS;Registros encontrados: 29, mínimo esperado: 29
36;1;FILE_ENCODING;order_details.csv;UTF-8;Archivo leído correctamente con encoding UTF-8
37;1;EMPTY_FILE_CHECK;order_details.csv;PASS;Archivo contiene 2155 registros
38;1;COLUMN_COUNT;order_details.csv;5;Número de columnas: 5
39;1;DUPLICATE_ROWS;order_details.csv;PASS;No se encontraron filas duplicadas
40;1;COLUMN_NORMALIZATION;order_details.csv;PERFORMED;Columnas renombradas: 3
41;1;COLUMN_NORMALIZATION_DETAIL;order_details.csv;MAPPING;"{""orderID"": ""order_id"", ""productID"": ""product_id"", ""unitPrice"": ""unit_price""}"
42;1;NEGATIVE_PRICE;TMP_order_details;PASS;Todos los precios son válidos
43;1;ZERO_QUANTITY;TMP_order_details;PASS;Todas las cantidades son válidas
44;1;COMPLETENESS_SCORE;TMP_order_details;PASS;Completitud promedio: 100.0% (order_id: 100.0%, product_id: 100.0%, unit_price: 100.0%, quantity: 100.0%)
45;1;RECORD_COUNT_LOADED;TMP_order_details;2155;Operación: LOADED, Registros: 2155
46;1;COUNT_VALIDATION;TMP_order_details;PASS;Registros encontrados: 2155, mínimo esperado: 2155
47;1;FILE_ENCODING;orders.csv;UTF-8;Archivo leído correctamente con encoding UTF-8
48;1;EMPTY_FILE_CHECK;orders.csv;PASS;Archivo contiene 830 registros
49;1;COLUMN_COUNT;orders.csv;14;Número de columnas: 14
50;1;DUPLICATE_ROWS;orders.csv;PASS;No se encontraron filas duplicadas
51;1;COLUMN_NORMALIZATION;orders.csv;PERFORMED;Columnas renombradas: 13
52;1;COLUMN_NORMALIZATION_DETAIL;orders.csv;MAPPING;"{""orderID"": ""order_id"", ""customerID"": ""customer_id"", ""employeeID"": ""employee_id"", ""orderDate"": ""order_date"", ""requiredDate"": ""required_date"", ""shippedDate"": ""shipped_date"", ""shipVia"": ""ship_via"", ""shipName"": ""ship_name"", ""shipAddress"": ""ship_address"", ""shipCity"": ""ship_city"", ""shipRegion"": ""ship_region"", ""shipPostalCode"": ""ship_postal_code"", ""shipCountry"": ""ship_country""}"
53;1;NULL_ORDER_DATE;TMP_orders;PASS;Todas las órdenes tienen fecha
54;1;NULL_VALUES;TMP_orders.shipped_date;WARNING;Valores nulos: 21 (2.5%)
55;1;NULL_VALUES;TMP_orders.ship_region;FAIL;Valores nulos: 507 (61.1%)
56;1;NULL_VALUES;TMP_orders.ship_postal_code;WARNING;Valores nulos: 19 (2.3%)
57;1;COMPLETENESS_SCORE;TMP_orders;PASS;Completitud promedio: 100.0% (order_id: 100.0%, customer_id: 100.0%, order_date: 100.0%)
58;1;BUSINESS_KEY_UNIQUENESS;TMP_orders;PASS;Todas las claves de negocio son únicas (830 registros)
59;1;CROSS_FIELD_LOGIC;TMP_orders;PASS;Todas las 1 validaciones lógicas pasaron
60;1;RECORD_COUNT_LOADED;TMP_orders;830;Operación: LOADED, Registros: 830
61;1;COUNT_VALIDATION;TMP_orders;PASS;Registros encontrados: 830, mínimo esperado: 830
62;1;FILE_ENCODING;customers.csv;UTF-8;Archivo leído correctamente con encoding UTF-8
63;1;EMPTY_FILE_CHECK;customers.csv;PASS;Archivo contiene 91 registros
64;1;COLUMN_COUNT;customers.csv;11;Número de columnas: 11
65;1;DUPLICATE_ROWS;customers.csv;PASS;No se encontraron filas duplicadas
66;1;COLUMN_NORMALIZATION;customers.csv;PERFORMED;Columnas renombradas: 5
67;1;COLUMN_NORMALIZATION_DETAIL;customers.csv;MAPPING;"{""customerID"": ""customer_id"", ""companyName"": ""company_name"", ""contactName"": ""contact_name"", ""contactTitle"": ""contact_title"", ""postalCode"": ""postal_code""}"
68;1;NULL_VALUES;TMP_customers.region;FAIL;Valores nulos: 60 (65.9%)
69;1;NULL_VALUES;TMP_customers.postal_code;WARNING;Valores nulos: 1 (1.1%)
70;1;NULL_VALUES;TMP_customers.fax;FAIL;Valores nulos: 22 (24.2%)
71;1;COMPLETENESS_SCORE;TMP_customers;PASS;Completitud promedio: 100.0% (customer_id: 100.0%, company_name: 100.0%)
72;1;FORMAT_VALIDATION;TMP_customers.customer_id;PASS;Todos los 91 valores siguen el patrón customer_id
73;1;FORMAT_VALIDATION;TMP_customers.postal_code;PASS;Todos los 90 valores siguen el patrón postal_code
74;1;BUSINESS_KEY_UNIQUENESS;TMP_customers;PASS;Todas las claves de negocio son únicas (91 registros)
75;1;RECORD_COUNT_LOADED;TMP_customers;91;Operación: LOADED, Registros: 91
76;1;COUNT_VALIDATION;TMP_customers;PASS;Registros encontrados: 91, mínimo esperado: 91
77;1;FILE_ENCODING;employees.csv;UTF-8;Archivo leído correctamente con encoding UTF-8
78;1;EMPTY_FILE_CHECK;employees.csv;PASS;Archivo contiene 9 registros
79;1;COLUMN_COUNT;employees.csv;18;Número de columnas: 18
80;1;DUPLICATE_ROWS;employees.csv;PASS;No se encontraron filas duplicadas
81;1;COLUMN_NORMALIZATION;employees.csv;PERFORMED;Columnas renombradas: 10
82;1;COLUMN_NORMALIZATION_DETAIL;employees.csv;MAPPING;"{""employeeID"": ""employee_id"", ""lastName"": ""last_name"", ""firstName"": ""first_name"", ""titleOfCourtesy"": ""title_of_courtesy"", ""birthDate"": ""birth_date"", ""hireDate"": ""hire_date"", ""postalCode"": ""postal_code"", ""homePhone"": ""home_phone"", ""reportsTo"": ""reports_to"", ""photoPath"": ""photo_path""}"
83;1;NULL_VALUES;TMP_employees.region;FAIL;Valores nulos: 4 (44.4%)
84;1;NULL_VALUES;TMP_employees.reports_to;WARNING;Valores nulos: 1 (11.1%)
85;1;COMPLETENESS_SCORE;TMP_employees;PASS;Completitud promedio: 100.0% (employee_id: 100.0%, first_name: 100.0%, last_name: 100.0%)
86;1;BUSINESS_KEY_UNIQUENESS;TMP_employees;PASS;Todas las claves de negocio son únicas (9 registros)
87;1;RECORD_COUNT_LOADED;TMP_employees;9;Operación: LOADED, Registros: 9
88;1;COUNT_VALIDATION;TMP_employees;PASS;Registros encontrados: 9, mínimo esperado: 9
89;1;FILE_ENCODING;shippers.csv;UTF-8;Archivo leído correctamente con encoding UTF-8
90;1;EMPTY_FILE_CHECK;shippers.csv;PASS;Archivo contiene 6 registros
91;1;COLUMN_COUNT;shippers.csv;3;Número de columnas: 3
92;1;DUPLICATE_ROWS;shippers.csv;PASS;No se encontraron filas duplicadas
93;1;COLUMN_NORMALIZATION;shippers.csv;PERFORMED;Columnas renombradas: 2
94;1;COLUMN_NORMALIZATION_DETAIL;shippers.csv;MAPPING;"{""shipperid"": ""shipper_id"", ""companyname"": ""company_name""}"
95;1;RECORD_COUNT_LOADED;TMP_shippers;6;Operación: LOADED, Registros: 6
96;1;COUNT_VALIDATION;TMP_shippers;PASS;Registros encontrados: 6, mínimo esperado: 6
97;1;FILE_ENCODING;territories.csv;UTF-8;Archivo leído correctamente con encoding UTF-8
98;1;EMPTY_FILE_CHECK;territories.csv;PASS;Archivo contiene 53 registros
99;1;COLUMN_COUNT;territories.csv;3;Número de columnas: 3
100;1;DUPLICATE_ROWS;territories.csv;PASS;No se encontraron filas duplicadas
101;1;COLUMN_NORMALIZATION;territories.csv;PERFORMED;Columnas renombradas: 3
102;1;COLUMN_NORMALIZATION_DETAIL;territories.csv;MAPPING;"{""territoryid"": ""territory_id"", ""territorydescription"": ""territory_description"", ""regionid"": ""region_id""}"
103;1;RECORD_COUNT_LOADED;TMP_territories;53;Operación: LOADED, Registros: 53
104;1;COUNT_VALIDATION;TMP_territories;PASS;Registros encontrados: 53, mínimo esperado: 53
105;1;FILE_ENCODING;employee_territories.csv;UTF-8;Archivo leído correctamente con encoding UTF-8
106;1;EMPTY_FILE_CHECK;employee_territories.csv;PASS;Archivo contiene 49 registros
107;1;COLUMN_COUNT;employee_territories.csv;2;Número de columnas: 2
108;1;DUPLICATE_ROWS;employee_territories.csv;PASS;No se encontraron filas duplicadas
109;1;COLUMN_NORMALIZATION;employee_territories.csv;PERFORMED;Columnas renombradas: 2
110;1;COLUMN_NORMALIZATION_DETAIL;employee_territories.csv;MAPPING;"{""employeeid"": ""employee_id"", ""territoryid"": ""territory_id""}"
111;1;RECORD_COUNT_LOADED;TMP_employee_territories;49;Operación: LOADED, Registros: 49
112;1;COUNT_VALIDATION;TMP_employee_territories;PASS;Registros encontrados: 49, mínimo esperado: 49
113;1;FILE_ENCODING;regions.csv;UTF-8;Archivo leído correctamente con encoding UTF-8
114;1;EMPTY_FILE_CHECK;regions.csv;PASS;Archivo contiene 4 registros
115;1;COLUMN_COUNT;regions.csv;2;Número de columnas: 2
116;1;DUPLICATE_ROWS;regions.csv;PASS;No se encontraron filas duplicadas
117;1;COLUMN_NORMALIZATION;regions.csv;PERFORMED;Columnas renombradas: 2
118;1;COLUMN_NORMALIZATION_DETAIL;regions.csv;MAPPING;"{""regionid"": ""region_id"", ""regiondescription"": ""region_description""}"
119;1;RECORD_COUNT_LOADED;TMP_regions;4;Operación: LOADED, Registros: 4
120;1;COUNT_VALIDATION;TMP_regions;PASS;Registros encontrados: 4, mínimo esperado: 4
121;1;FILE_ENCODING;world-data-2023.csv;UTF-8;Archivo leído correctamente con encoding UTF-8
122;1;EMPTY_FILE_CHECK;world-data-2023.csv;PASS;Archivo contiene 195 registros
123;1;COLUMN_COUNT;world-data-2023.csv;35;Número de columnas: 35
124;1;DUPLICATE_ROWS;world-data-2023.csv;PASS;No se encontraron filas duplicadas
125;1;COLUMN_NORMALIZATION;world-data-2023.csv;PERFORMED;Columnas renombradas: 35
126;1;COLUMN_NORMALIZATION_DETAIL;world-data-2023.csv;MAPPING;"{""Country"": ""country"", ""Density\n(P/Km2)"": ""density"", ""Abbreviation"": ""abbreviation"", ""Agricultural Land( %)"": ""agricultural_land"", ""Land Area(Km2)"": ""land_area"", ""Armed Forces size"": ""armed_forces_size"", ""Birth Rate"": ""birth_rate"", ""Calling Code"": ""calling_code"", ""Capital/Major City"": ""capital_major_city"", ""Co2-Emissions"": ""co2_emissions"", ""CPI"": ""cpi"", ""CPI Change (%)"": ""cpi_change"", ""Currency-Code"": ""currency_code"", ""Fertility Rate"": ""fertility_rate"", ""Forested Area (%)"": ""forested_area"", ""Gasoline Price"": ""gasoline_price"", ""GDP"": ""gdp"", ""Gross primary education enrollment (%)"": ""gross_primary_education_enrollment"", ""Gross tertiary education enrollment (%)"": ""gross_tertiary_education_enrollment"", ""Infant mortality"": ""infant_mortality"", ""Largest city"": ""largest_city"", ""Life expectancy"": ""life_expectancy"", ""Maternal mortality ratio"": ""maternal_mortality_ratio"", ""Minimum wage"": ""minimum_wage"", ""Official language"": ""official_language"", ""Out of pocket health expenditure"": ""out_of_pocket_health_expenditure"", ""Physicians per thousand"": ""physicians_per_thousand"", ""Population"": ""population"", ""Population: Labor force participation (%)"": ""population_labor_force_participation"", ""Tax revenue (%)"": ""tax_revenue"", ""Total tax rate"": ""total_tax_rate"", ""Unemployment rate"": ""unemployment_rate"", ""Urban_population"": ""urban_population"", ""Latitude"": ""latitude"", ""Longitude"": ""longitude""}"
127;1;NULL_VALUES;TMP_world_data_2023.abbreviation;WARNING;Valores nulos: 7 (3.6%)
128;1;NULL_VALUES;TMP_world_data_2023.agricultural_land;WARNING;Valores nulos: 7 (3.6%)
129;1;NULL_VALUES;TMP_world_data_2023.land_area;WARNING;Valores nulos: 1 (0.5%)
130;1;NULL_VALUES;TMP_world_data_2023.armed_forces_size;WARNING;Valores nulos: 24 (12.3%)
131;1;NULL_VALUES;TMP_world_data_2023.birth_rate;WARNING;Valores nulos: 6 (3.1%)
132;1;NULL_VALUES;TMP_world_data_2023.calling_code;WARNING;Valores nulos: 1 (0.5%)
133;1;NULL_VALUES;TMP_world_data_2023.capital_major_city;WARNING;Valores nulos: 3 (1.5%)
134;1;NULL_VALUES;TMP_world_data_2023.co2_emissions;WARNING;Valores nulos: 7 (3.6%)
135;1;NULL_VALUES;TMP_world_data_2023.cpi;WARNING;Valores nulos: 17 (8.7%)
136;1;NULL_VALUES;TMP_world_data_2023.cpi_change;WARNING;Valores nulos: 16 (8.2%)
137;1;NULL_VALUES;TMP_world_data_2023.currency_code;WARNING;Valores nulos: 15 (7.7%)
138;1;NULL_VALUES;TMP_world_data_2023.fertility_rate;WARNING;Valores nulos: 7 (3.6%)
139;1;NULL_VALUES;TMP_world_data_2023.forested_area;WARNING;Valores nulos: 7 (3.6%)
140;1;NULL_VALUES;TMP_world_data_2023.gasoline_price;WARNING;Valores nulos: 20 (10.3%)
141;1;NULL_VALUES;TMP_world_data_2023.gdp;WARNING;Valores nulos: 2 (1.0%)
142;1;NULL_VALUES;TMP_world_data_2023.gross_primary_education_enrollment;WARNING;Valores nulos: 7 (3.6%)
143;1;NULL_VALUES;TMP_world_data_2023.gross_tertiary_education_enrollment;WARNING;Valores nulos: 12 (6.2%)
144;1;NULL_VALUES;TMP_world_data_2023.infant_mortality;WARNING;Valores nulos: 6 (3.1%)
145;1;NULL_VALUES;TMP_world_data_2023.largest_city;WARNING;Valores nulos: 6 (3.1%)
146;1;NULL_VALUES;TMP_world_data_2023.life_expectancy;WARNING;Valores nulos: 8 (4.1%)
147;1;NULL_VALUES;TMP_world_data_2023.maternal_mortality_ratio;WARNING;Valores nulos: 14 (7.2%)
148;1;NULL_VALUES;TMP_world_data_2023.minimum_wage;FAIL;Valores nulos: 45 (23.1%)
149;1;NULL_VALUES;TMP_world_data_2023.official_language;WARNING;Valores nulos: 5 (2.6%)
150;1;NULL_VALUES;TMP_world_data_2023.out_of_pocket_health_expenditure;WARNING;Valores nulos: 7 (3.6%)
151;1;NULL_VALUES;TMP_world_data_2023.physicians_per_thousand;WARNING;Valores nulos: 7 (3.6%)
152;1;NULL_VALUES;TMP_world_data_2023.population;WARNING;Valores nulos: 1 (0.5%)
153;1;NULL_VALUES;TMP_world_data_2023.population_labor_force_participation;WARNING;Valores nulos: 19 (9.7%)
154;1;NULL_VALUES;TMP_world_data_2023.tax_revenue;WARNING;Valores nulos: 26 (13.3%)
155;1;NULL_VALUES;TMP_world_data_2023.total_tax_rate;WARNING;Valores nulos: 12 (6.2%)
156;1;NULL_VALUES;TMP_world_data_2023.unemployment_rate;WARNING;Valores nulos: 19 (9.7%)
157;1;NULL_VALUES;TMP_world_data_2023.urban_population;WARNING;Valores nulos: 5 (2.6%)
158;1;NULL_VALUES;TMP_world_data_2023.latitude;WARNING;Valores nulos: 1 (0.5%)
159;1;NULL_VALUES;TMP_world_data_2023.longitude;WARNING;Valores nulos: 1 (0.5%)
160;1;RECORD_COUNT_LOADED;TMP_world_data_2023;195;Operación: LOADED, Registros: 195
161;1;COUNT_VALIDATION;TMP_world_data_2023;PASS;Registros encontrados: 195, mínimo esperado: 195
162;1;LOAD_SUMMARY;STAGING_PROCESS;12/12;Archivos cargados exitosamente: 12 de 12 disponibles
163;1;EMPTY_STAGING_TABLES;STAGING_VALIDATION;PASS;Todas las tablas de staging contienen datos
164;1;TOTAL_STAGING_RECORDS;STAGING_VALIDATION;4469;Total de registros cargados en staging: 4469
165;2;FOREIGN_KEYS_ENABLED;DATABASE;PASS;Foreign keys habilitadas correctamente
166;2;TABLES_CREATION;SCHEMA;12;Creadas 12 tablas ING_
167;2;SOURCE_TABLES_VALIDATION;VALIDATION;PASS;Todas las tablas TMP_ están disponibles y contienen datos
168;2;RECORD_COUNT_TRANSFERRED;ING_regions;4;Operación: TRANSFERRED, Registros: 4
169;2;COUNT_VALIDATION;ING_regions;PASS;Registros transferidos correctamente: 4
170;2;RECORD_COUNT_TRANSFERRED;ING_shippers;6;Operación: TRANSFERRED, Registros: 6
171;2;COUNT_VALIDATION;ING_shippers;PASS;Registros transferidos correctamente: 6
172;2;RECORD_COUNT_TRANSFERRED;ING_suppliers;29;Operación: TRANSFERRED, Registros: 29
173;2;COUNT_VALIDATION;ING_suppliers;PASS;Registros transferidos correctamente: 29
174;2;RECORD_COUNT_TRANSFERRED;ING_categories;8;Operación: TRANSFERRED, Registros: 8
175;2;COUNT_VALIDATION;ING_categories;PASS;Registros transferidos correctamente: 8
176;2;RECORD_COUNT_TRANSFERRED;ING_customers;91;Operación: TRANSFERRED, Registros: 91
177;2;COUNT_VALIDATION;ING_customers;PASS;Registros transferidos correctamente: 91
178;2;RECORD_COUNT_TRANSFERRED;ING_employees;9;Operación: TRANSFERRED, Registros: 9
179;2;COUNT_VALIDATION;ING_employees;PASS;Registros transferidos correctamente: 9
180;2;FK_CLEANUP;ING_employees;PERFORMED;reports_to establecido como NULL para evitar FKs circulares
181;2;RECORD_COUNT_TRANSFERRED;ING_territories;53;Operación: TRANSFERRED, Registros: 53
182;2;COUNT_VALIDATION;ING_territories;PASS;Registros transferidos correctamente: 53
183;2;RECORD_COUNT_TRANSFERRED;ING_products;77;Operación: TRANSFERRED, Registros: 77
184;2;COUNT_VALIDATION;ING_products;PASS;Registros transferidos correctamente: 77
185;2;RECORD_COUNT_TRANSFERRED;ING_orders;830;Operación: TRANSFERRED, Registros: 830
186;2;COUNT_VALIDATION;ING_orders;PASS;Registros transferidos correctamente: 830
187;2;RECORD_COUNT_TRANSFERRED;ING_order_details;2155;Operación: TRANSFERRED, Registros: 2155
188;2;COUNT_VALIDATION;ING_order_details;PASS;Registros transferidos correctamente: 2155
189;2;RECORD_COUNT_TRANSFERRED;ING_employee_territories;49;Operación: TRANSFERRED, Registros: 49
190;2;COUNT_VALIDATION;ING_employee_territories;PASS;Registros transferidos correctamente: 49
191;2;FK_CLEANUP;ING_employee_territories;PERFORMED;Solo se insertaron registros con FKs válidas
192;2;RECORD_COUNT_TRANSFERRED;ING_world_data_2023;195;Operación: TRANSFERRED, Registros: 195
193;2;COUNT_VALIDATION;ING_world_data_2023;PASS;Registros transferidos correctamente: 195
194;2;REFERENTIAL_INTEGRITY;ING_territories.region_id -> ING_regions.region_id;PASS;Registros huérfanos encontrados: 0
195;2;REFERENTIAL_INTEGRITY;ING_products.category_id -> ING_categories.category_id;PASS;Registros huérfanos encontrados: 0
196;2;REFERENTIAL_INTEGRITY;ING_products.supplier_id -> ING_suppliers.supplier_id;PASS;Registros huérfanos encontrados: 0
197;2;REFERENTIAL_INTEGRITY;ING_orders.customer_id -> ING_customers.customer_id;PASS;Registros huérfanos encontrados: 0
198;2;REFERENTIAL_INTEGRITY;ING_orders.employee_id -> ING_employees.employee_id;PASS;Registros huérfanos encontrados: 0
199;2;REFERENTIAL_INTEGRITY;ING_orders.ship_via -> ING_shippers.shipper_id;PASS;Registros huérfanos encontrados: 0
200;2;REFERENTIAL_INTEGRITY;ING_order_details.order_id -> ING_orders.order_id;PASS;Registros huérfanos encontrados: 0
201;2;REFERENTIAL_INTEGRITY;ING_order_details.product_id -> ING_products.product_id;PASS;Registros huérfanos encontrados: 0
202;2;NULL_VALIDATION;ING_customers.customer_id;PASS;Valores NULL encontrados: 0
203;2;NULL_VALIDATION;ING_products.product_name;PASS;Valores NULL encontrados: 0
204;2;NULL_VALIDATION;ING_orders.order_date;PASS;Valores NULL encontrados: 0
205;2;NULL_VALIDATION;ING_order_details.unit_price;PASS;Valores NULL encontrados: 0
206;2;NULL_VALIDATION;ING_order_details.quantity;PASS;Valores NULL encontrados: 0
207;2;INTEGRITY_VALIDATION;INGESTION_LAYER;PASS;Todas las validaciones de integridad pasaron (13 checks)
208;2;TOTAL_INGESTION_RECORDS;INGESTION_LAYER;3506;Total de registros en capa de ingesta: 3506
209;2;INGESTION_SUMMARY;PROCESS;12/12;Tablas cargadas exitosamente: 12
210;3;DATABASE_CONNECTION;DB_FILE;PASS;Conexión exitosa a la base de datos
211;3;nulos_en_pk;ING_orders;OK;Se encontraron 0 claves primarias nulas.
212;3;nulos_en_pk;ING_order_details;OK;Se encontraron 0 claves primarias nulas.
213;3;nulos_en_pk;ING_products;OK;Se encontraron 0 claves primarias nulas.
214;3;nulos_en_pk;ING_customers;OK;Se encontraron 0 claves primarias nulas.
215;3;nulos_en_pk;ING_employees;OK;Se encontraron 0 claves primarias nulas.
216;3;valores_negativos_order_details;ING_order_details;OK;Se encontraron 0 registros con precios o cantidades negativas.
217;3;INGESTION_QUALITY_STATUS;VALIDATION;OK;Resultado de validaciones de ingesta: OK
218;3;DIMENSIONS_LOAD;DWH_PROCESS;PASS;Se cargaron 6 dimensiones exitosamente
219;3;RECORD_COUNT_LOADED;DWA_FACT_Ventas;2163;Operación: LOADED, Registros: 2163
220;3;FACT_TABLE_LOAD;DWA_FACT_Ventas;PASS;Cargados 2163 registros en tabla de hechos
221;3;fk_nulas_en_hechos;DWA_FACT_Ventas;OK;La columna 'sk_cliente' tiene 0 valores nulos.
222;3;fk_nulas_en_hechos;DWA_FACT_Ventas;OK;La columna 'sk_producto' tiene 0 valores nulos.
223;3;fk_nulas_en_hechos;DWA_FACT_Ventas;OK;La columna 'sk_empleado' tiene 0 valores nulos.
224;3;fk_nulas_en_hechos;DWA_FACT_Ventas;OK;La columna 'sk_tiempo' tiene 0 valores nulos.
225;3;fk_nulas_en_hechos;DWA_FACT_Ventas;OK;La columna 'sk_geografia_envio' tiene 0 valores nulos.
226;3;fk_nulas_en_hechos;DWA_FACT_Ventas;OK;La columna 'sk_shipper' tiene 0 valores nulos.
227;3;comparacion_conteo_filas;ING_order_details vs DWA_FACT_Ventas;ADVERTENCIA;ING: 2155 filas, DWH: 2163 filas. La diferencia puede indicar duplicados por el JOIN con geografía.
228;3;INTEGRATION_QUALITY_STATUS;VALIDATION;ADVERTENCIA;Resultado de validaciones de integración: ADVERTENCIA
229;3;DIMENSION_COUNT;DWA_DIM_Shippers;6;Dimensión DWA_DIM_Shippers cargada con 6 registros
230;3;DIMENSION_COUNT;DWA_DIM_Tiempo;672;Dimensión DWA_DIM_Tiempo cargada con 672 registros
231;3;DIMENSION_COUNT;DWA_DIM_Productos;77;Dimensión DWA_DIM_Productos cargada con 77 registros
232;3;DIMENSION_COUNT;DWA_DIM_Empleados;9;Dimensión DWA_DIM_Empleados cargada con 9 registros
233;3;DIMENSION_COUNT;DWA_DIM_Clientes;91;Dimensión DWA_DIM_Clientes cargada con 91 registros
234;3;DIMENSION_COUNT;DWA_DIM_Geografia;138;Dimensión DWA_DIM_Geografia cargada con 138 registros
235;3;EMPTY_DIMENSIONS;DWH_VALIDATION;PASS;Todas las dimensiones contienen datos
236;3;FACT_TABLE_POPULATED;DWA_FACT_Ventas;PASS;Tabla de hechos cargada con 2163 registros
237;3;DWH_LOAD_SUMMARY;DWH_VALIDATION;DIM:993, FACT:2163;DWH cargado: 993 registros en dimensiones, 2163 en hechos
238;4;COLUMN_NORMALIZATION;customers - novedades.csv;PERFORMED;Columnas renombradas: 5
239;4;COLUMN_NORMALIZATION_DETAIL;customers - novedades.csv;MAPPING;"{""customerID"": ""customer_id"", ""companyName"": ""company_name"", ""contactName"": ""contact_name"", ""contactTitle"": ""contact_title"", ""postalCode"": ""postal_code""}"
240;4;COUNT_VALIDATION;TMP2_customers;PASS;Registros encontrados: 2, mínimo esperado: 1
241;4;COMPLETENESS_SCORE;TMP2_customers;FAIL;Completitud promedio: 75.0% (customer_id: 100.0%, company_name: 100.0%, country: 100.0%, region: 0.0%), Registros: 2
242;4;BUSINESS_KEY_UNIQUENESS;TMP2_customers;PASS;Todas las claves de negocio son únicas (2 registros validados)
243;4;NULL_PERCENTAGE;TMP2_customers.region;FAIL;Valores nulos/vacíos: 2/2 (100.0%)
244;4;BUSINESS_ISSUE_DETECTED;customers - novedades.csv.region;CRITICAL;?? PROBLEMA DETECTADO: 2 clientes sin región en archivo con solo 2 registros
245;4;COLUMN_NORMALIZATION;orders - novedades.csv;PERFORMED;Columnas renombradas: 13
246;4;COLUMN_NORMALIZATION_DETAIL;orders - novedades.csv;MAPPING;"{""orderID"": ""order_id"", ""customerID"": ""customer_id"", ""employeeID"": ""employee_id"", ""orderDate"": ""order_date"", ""requiredDate"": ""required_date"", ""shippedDate"": ""shipped_date"", ""shipVia"": ""ship_via"", ""shipName"": ""ship_name"", ""shipAddress"": ""ship_address"", ""shipCity"": ""ship_city"", ""shipRegion"": ""ship_region"", ""shipPostalCode"": ""ship_postal_code"", ""shipCountry"": ""ship_country""}"
247;4;COUNT_VALIDATION;TMP2_orders;PASS;Registros encontrados: 270, mínimo esperado: 1
248;4;COMPLETENESS_SCORE;TMP2_orders;WARNING;Completitud promedio: 88.2% (order_id: 100.0%, customer_id: 100.0%, order_date: 100.0%, shipped_date: 92.2%, ship_region: 38.5%, ship_postal_code: 98.5%), Registros: 270
249;4;BUSINESS_KEY_UNIQUENESS;TMP2_orders;PASS;Todas las claves de negocio son únicas (270 registros validados)
250;4;NULL_PERCENTAGE;TMP2_orders.shipped_date;WARNING;Valores nulos/vacíos: 21/270 (7.8%)
251;4;BUSINESS_ISSUE_DETECTED;orders - novedades.csv.shipped_date;WARNING;?? REVISAR: 21 valores faltantes en shipped_date - posiblemente órdenes aún no despachadas
252;4;NULL_PERCENTAGE;TMP2_orders.ship_region;FAIL;Valores nulos/vacíos: 166/270 (61.5%)
253;4;BUSINESS_ISSUE_DETECTED;orders - novedades.csv.ship_region;CRITICAL;?? REVISAR: 166 valores faltantes en ship_region - posiblemente regiones no aplicables
254;4;NULL_PERCENTAGE;TMP2_orders.ship_postal_code;WARNING;Valores nulos/vacíos: 4/270 (1.5%)
255;4;BUSINESS_ISSUE_DETECTED;orders - novedades.csv.ship_postal_code;WARNING;?? REVISAR: 4 valores faltantes en ship_postal_code - posiblemente códigos postales omitidos
256;4;SHIPPING_DATE_LOGIC;TMP2_orders;PASS;Todas las fechas de envío son posteriores a las fechas de pedido
257;4;COLUMN_NORMALIZATION;order_details - novedades.csv;PERFORMED;Columnas renombradas: 3
258;4;COLUMN_NORMALIZATION_DETAIL;order_details - novedades.csv;MAPPING;"{""orderID"": ""order_id"", ""productID"": ""product_id"", ""unitPrice"": ""unit_price""}"
259;4;COUNT_VALIDATION;TMP2_order_details;PASS;Registros encontrados: 691, mínimo esperado: 1
260;4;COMPLETENESS_SCORE;TMP2_order_details;PASS;Completitud promedio: 100.0% (order_id: 100.0%, product_id: 100.0%, unit_price: 100.0%, quantity: 100.0%), Registros: 691
261;4;BUSINESS_KEY_UNIQUENESS;TMP2_order_details;PASS;Todas las claves de negocio son únicas (691 registros validados)
262;4;NUMERIC_RANGE_VALIDATION;TMP2_order_details.unit_price;PASS;Precio unitario debe ser positivo - Sin violaciones
263;4;NUMERIC_RANGE_VALIDATION;TMP2_order_details.quantity;PASS;Cantidad debe estar entre 1 y 1000 - Sin violaciones
264;4;NUMERIC_RANGE_VALIDATION;TMP2_order_details.discount;PASS;Descuento debe estar entre 0 y 1 - Sin violaciones
265;5;MISSING_REGION_FIX_DETAIL;Cliente.ALFKI;FIXED;Región asignada: Germany ? Western Europe (DWH affected: 1)
266;5;MISSING_REGION_FIX_DETAIL;Cliente.ANATR;FIXED;Región asignada: Mexico ? North America (DWH affected: 1)
267;5;MISSING_SHIPPING_FIX_DETAIL;Order.10835;FIXED;Customer ALFKI: ship_region: NULL ? Western Europe
268;5;MISSING_SHIPPING_FIX_DETAIL;Order.10926;FIXED;Customer ANATR: ship_region: NULL ? North America
269;5;MISSING_SHIPPING_FIX_DETAIL;Order.10952;FIXED;Customer ALFKI: ship_region: NULL ? Western Europe
270;5;MISSING_SHIPPING_FIX_DETAIL;Order.11008;FIXED;Customer ERNSH: shipped_date: NULL (Pending Shipment)
271;5;MISSING_SHIPPING_FIX_DETAIL;Order.11011;FIXED;Customer ALFKI: ship_region: NULL ? Western Europe
272;5;MISSING_SHIPPING_FIX_DETAIL;Order.11019;FIXED;Customer RANCH: shipped_date: NULL (Pending Shipment)
273;5;MISSING_SHIPPING_FIX_DETAIL;Order.11039;FIXED;Customer LINOD: shipped_date: NULL (Pending Shipment)
274;5;MISSING_SHIPPING_FIX_DETAIL;Order.11040;FIXED;Customer GREAL: shipped_date: NULL (Pending Shipment)
275;5;MISSING_SHIPPING_FIX_DETAIL;Order.11045;FIXED;Customer BOTTM: shipped_date: NULL (Pending Shipment)
276;5;MISSING_SHIPPING_FIX_DETAIL;Order.11051;FIXED;Customer LAMAI: shipped_date: NULL (Pending Shipment)
277;5;MISSING_SHIPPING_FIX_DETAIL;Order.11054;FIXED;Customer CACTU: shipped_date: NULL (Pending Shipment)
278;5;MISSING_SHIPPING_FIX_DETAIL;Order.11058;FIXED;Customer BLAUS: shipped_date: NULL (Pending Shipment)
279;5;MISSING_SHIPPING_FIX_DETAIL;Order.11059;FIXED;Customer RICAR: shipped_date: NULL (Pending Shipment)
280;5;MISSING_SHIPPING_FIX_DETAIL;Order.11061;FIXED;Customer GREAL: shipped_date: NULL (Pending Shipment)
281;5;MISSING_SHIPPING_FIX_DETAIL;Order.11062;FIXED;Customer REGGC: shipped_date: NULL (Pending Shipment)
282;5;MISSING_SHIPPING_FIX_DETAIL;Order.11065;FIXED;Customer LILAS: shipped_date: NULL (Pending Shipment)
283;5;MISSING_SHIPPING_FIX_DETAIL;Order.11068;FIXED;Customer QUEEN: shipped_date: NULL (Pending Shipment)
284;5;MISSING_SHIPPING_FIX_DETAIL;Order.11070;FIXED;Customer LEHMS: shipped_date: NULL (Pending Shipment)
285;5;MISSING_SHIPPING_FIX_DETAIL;Order.11071;FIXED;Customer LILAS: shipped_date: NULL (Pending Shipment)
286;5;MISSING_SHIPPING_FIX_DETAIL;Order.11072;FIXED;Customer ERNSH: shipped_date: NULL (Pending Shipment)
287;5;MISSING_SHIPPING_FIX_DETAIL;Order.11073;FIXED;Customer PERIC: shipped_date: NULL (Pending Shipment)
288;5;MISSING_SHIPPING_FIX_DETAIL;Order.11074;FIXED;Customer SIMOB: shipped_date: NULL (Pending Shipment)
289;5;MISSING_SHIPPING_FIX_DETAIL;Order.11075;FIXED;Customer RICSU: shipped_date: NULL (Pending Shipment)
290;5;MISSING_SHIPPING_FIX_DETAIL;Order.11076;FIXED;Customer BONAP: shipped_date: NULL (Pending Shipment)
291;5;MISSING_SHIPPING_FIX_DETAIL;Order.11077;FIXED;Customer RATTC: shipped_date: NULL (Pending Shipment)
292;5;ADVANCED_GEOGRAPHIC_FIX_DETAIL;TMP_customers.ALFKI;FIXED;Country: Germany ? Region: Western Europe (Method: DIRECT_MAPPING)
293;5;ADVANCED_GEOGRAPHIC_FIX_DETAIL;TMP_customers.ANATR;FIXED;Country: Mexico ? Region: North America (Method: DIRECT_MAPPING)
294;5;ADVANCED_GEOGRAPHIC_FIX_DETAIL;TMP_customers.ANTON;FIXED;Country: Mexico ? Region: North America (Method: DIRECT_MAPPING)
295;5;ADVANCED_GEOGRAPHIC_FIX_DETAIL;TMP_customers.AROUT;FIXED;Country: UK ? Region: Western Europe (Method: DIRECT_MAPPING)
296;5;ADVANCED_GEOGRAPHIC_FIX_DETAIL;TMP_customers.BERGS;FIXED;Country: Sweden ? Region: Western Europe (Method: DIRECT_MAPPING)
297;5;ADVANCED_GEOGRAPHIC_FIX_DETAIL;TMP_customers.BLAUS;FIXED;Country: Germany ? Region: Western Europe (Method: DIRECT_MAPPING)
298;5;ADVANCED_GEOGRAPHIC_FIX_DETAIL;TMP_customers.BLONP;FIXED;Country: France ? Region: Western Europe (Method: DIRECT_MAPPING)
299;5;ADVANCED_GEOGRAPHIC_FIX_DETAIL;TMP_customers.BOLID;FIXED;Country: Spain ? Region: Western Europe (Method: DIRECT_MAPPING)
300;5;ADVANCED_GEOGRAPHIC_FIX_DETAIL;TMP_customers.BONAP;FIXED;Country: France ? Region: Western Europe (Method: DIRECT_MAPPING)
301;5;ADVANCED_GEOGRAPHIC_FIX_DETAIL;TMP_customers.BSBEV;FIXED;Country: UK ? Region: Western Europe (Method: DIRECT_MAPPING)
302;5;ADVANCED_GEOGRAPHIC_FIX_DETAIL;TMP_customers.CACTU;FIXED;Country: Argentina ? Region: South America (Method: DIRECT_MAPPING)
303;5;ADVANCED_GEOGRAPHIC_FIX_DETAIL;TMP_customers.CENTC;FIXED;Country: Mexico ? Region: North America (Method: DIRECT_MAPPING)
304;5;ADVANCED_GEOGRAPHIC_FIX_DETAIL;TMP_customers.CHOPS;FIXED;Country: Switzerland ? Region: Western Europe (Method: DIRECT_MAPPING)
305;5;ADVANCED_GEOGRAPHIC_FIX_DETAIL;TMP_customers.CONSH;FIXED;Country: UK ? Region: Western Europe (Method: DIRECT_MAPPING)
306;5;ADVANCED_GEOGRAPHIC_FIX_DETAIL;TMP_customers.DRACD;FIXED;Country: Germany ? Region: Western Europe (Method: DIRECT_MAPPING)
307;5;ADVANCED_GEOGRAPHIC_FIX_DETAIL;TMP_customers.DUMON;FIXED;Country: France ? Region: Western Europe (Method: DIRECT_MAPPING)
308;5;ADVANCED_GEOGRAPHIC_FIX_DETAIL;TMP_customers.EASTC;FIXED;Country: UK ? Region: Western Europe (Method: DIRECT_MAPPING)
309;5;ADVANCED_GEOGRAPHIC_FIX_DETAIL;TMP_customers.ERNSH;FIXED;Country: Austria ? Region: Western Europe (Method: DIRECT_MAPPING)
310;5;ADVANCED_GEOGRAPHIC_FIX_DETAIL;TMP_customers.FISSA;FIXED;Country: Spain ? Region: Western Europe (Method: DIRECT_MAPPING)
311;5;ADVANCED_GEOGRAPHIC_FIX_DETAIL;TMP_customers.FOLIG;FIXED;Country: France ? Region: Western Europe (Method: DIRECT_MAPPING)
312;5;ADVANCED_GEOGRAPHIC_FIX_DETAIL;TMP_customers.FOLKO;FIXED;Country: Sweden ? Region: Western Europe (Method: DIRECT_MAPPING)
313;5;ADVANCED_GEOGRAPHIC_FIX_DETAIL;TMP_customers.FRANK;FIXED;Country: Germany ? Region: Western Europe (Method: DIRECT_MAPPING)
314;5;ADVANCED_GEOGRAPHIC_FIX_DETAIL;TMP_customers.FRANR;FIXED;Country: France ? Region: Western Europe (Method: DIRECT_MAPPING)
315;5;ADVANCED_GEOGRAPHIC_FIX_DETAIL;TMP_customers.FRANS;FIXED;Country: Italy ? Region: Western Europe (Method: DIRECT_MAPPING)
316;5;ADVANCED_GEOGRAPHIC_FIX_DETAIL;TMP_customers.FURIB;FIXED;Country: Portugal ? Region: Western Europe (Method: DIRECT_MAPPING)
317;5;ADVANCED_GEOGRAPHIC_FIX_DETAIL;TMP_customers.GALED;FIXED;Country: Spain ? Region: Western Europe (Method: DIRECT_MAPPING)
318;5;ADVANCED_GEOGRAPHIC_FIX_DETAIL;TMP_customers.GODOS;FIXED;Country: Spain ? Region: Western Europe (Method: DIRECT_MAPPING)
319;5;ADVANCED_GEOGRAPHIC_FIX_DETAIL;TMP_customers.KOENE;FIXED;Country: Germany ? Region: Western Europe (Method: DIRECT_MAPPING)
320;5;ADVANCED_GEOGRAPHIC_FIX_DETAIL;TMP_customers.LACOR;FIXED;Country: France ? Region: Western Europe (Method: DIRECT_MAPPING)
321;5;ADVANCED_GEOGRAPHIC_FIX_DETAIL;TMP_customers.LAMAI;FIXED;Country: France ? Region: Western Europe (Method: DIRECT_MAPPING)
322;5;ADVANCED_GEOGRAPHIC_FIX_DETAIL;TMP_customers.LEHMS;FIXED;Country: Germany ? Region: Western Europe (Method: DIRECT_MAPPING)
323;5;ADVANCED_GEOGRAPHIC_FIX_DETAIL;TMP_customers.MAGAA;FIXED;Country: Italy ? Region: Western Europe (Method: DIRECT_MAPPING)
324;5;ADVANCED_GEOGRAPHIC_FIX_DETAIL;TMP_customers.MAISD;FIXED;Country: Belgium ? Region: Western Europe (Method: DIRECT_MAPPING)
325;5;ADVANCED_GEOGRAPHIC_FIX_DETAIL;TMP_customers.MORGK;FIXED;Country: Germany ? Region: Western Europe (Method: DIRECT_MAPPING)
326;5;ADVANCED_GEOGRAPHIC_FIX_DETAIL;TMP_customers.NORTS;FIXED;Country: UK ? Region: Western Europe (Method: DIRECT_MAPPING)
327;5;ADVANCED_GEOGRAPHIC_FIX_DETAIL;TMP_customers.OCEAN;FIXED;Country: Argentina ? Region: South America (Method: DIRECT_MAPPING)
328;5;ADVANCED_GEOGRAPHIC_FIX_DETAIL;TMP_customers.OTTIK;FIXED;Country: Germany ? Region: Western Europe (Method: DIRECT_MAPPING)
329;5;ADVANCED_GEOGRAPHIC_FIX_DETAIL;TMP_customers.PARIS;FIXED;Country: France ? Region: Western Europe (Method: DIRECT_MAPPING)
330;5;ADVANCED_GEOGRAPHIC_FIX_DETAIL;TMP_customers.PERIC;FIXED;Country: Mexico ? Region: North America (Method: DIRECT_MAPPING)
331;5;ADVANCED_GEOGRAPHIC_FIX_DETAIL;TMP_customers.PICCO;FIXED;Country: Austria ? Region: Western Europe (Method: DIRECT_MAPPING)
332;5;ADVANCED_GEOGRAPHIC_FIX_DETAIL;TMP_customers.PRINI;FIXED;Country: Portugal ? Region: Western Europe (Method: DIRECT_MAPPING)
333;5;ADVANCED_GEOGRAPHIC_FIX_DETAIL;TMP_customers.QUICK;FIXED;Country: Germany ? Region: Western Europe (Method: DIRECT_MAPPING)
334;5;ADVANCED_GEOGRAPHIC_FIX_DETAIL;TMP_customers.RANCH;FIXED;Country: Argentina ? Region: South America (Method: DIRECT_MAPPING)
335;5;ADVANCED_GEOGRAPHIC_FIX_DETAIL;TMP_customers.REGGC;FIXED;Country: Italy ? Region: Western Europe (Method: DIRECT_MAPPING)
336;5;ADVANCED_GEOGRAPHIC_FIX_DETAIL;TMP_customers.RICSU;FIXED;Country: Switzerland ? Region: Western Europe (Method: DIRECT_MAPPING)
337;5;ADVANCED_GEOGRAPHIC_FIX_DETAIL;TMP_customers.ROMEY;FIXED;Country: Spain ? Region: Western Europe (Method: DIRECT_MAPPING)
338;5;ADVANCED_GEOGRAPHIC_FIX_DETAIL;TMP_customers.SANTG;FIXED;Country: Norway ? Region: Western Europe (Method: DIRECT_MAPPING)
339;5;ADVANCED_GEOGRAPHIC_FIX_DETAIL;TMP_customers.SEVES;FIXED;Country: UK ? Region: Western Europe (Method: DIRECT_MAPPING)
340;5;ADVANCED_GEOGRAPHIC_FIX_DETAIL;TMP_customers.SIMOB;FIXED;Country: Denmark ? Region: Western Europe (Method: DIRECT_MAPPING)
341;5;ADVANCED_GEOGRAPHIC_FIX_DETAIL;TMP_customers.SPECD;FIXED;Country: France ? Region: Western Europe (Method: DIRECT_MAPPING)
342;5;ADVANCED_GEOGRAPHIC_FIX_DETAIL;TMP_customers.SUPRD;FIXED;Country: Belgium ? Region: Western Europe (Method: DIRECT_MAPPING)
343;5;ADVANCED_GEOGRAPHIC_FIX_DETAIL;TMP_customers.TOMSP;FIXED;Country: Germany ? Region: Western Europe (Method: DIRECT_MAPPING)
344;5;ADVANCED_GEOGRAPHIC_FIX_DETAIL;TMP_customers.TORTU;FIXED;Country: Mexico ? Region: North America (Method: DIRECT_MAPPING)
345;5;ADVANCED_GEOGRAPHIC_FIX_DETAIL;TMP_customers.VAFFE;FIXED;Country: Denmark ? Region: Western Europe (Method: DIRECT_MAPPING)
346;5;ADVANCED_GEOGRAPHIC_FIX_DETAIL;TMP_customers.VICTE;FIXED;Country: France ? Region: Western Europe (Method: DIRECT_MAPPING)
347;5;ADVANCED_GEOGRAPHIC_FIX_DETAIL;TMP_customers.VINET;FIXED;Country: France ? Region: Western Europe (Method: DIRECT_MAPPING)
348;5;ADVANCED_GEOGRAPHIC_FIX_DETAIL;TMP_customers.WANDK;FIXED;Country: Germany ? Region: Western Europe (Method: DIRECT_MAPPING)
349;5;ADVANCED_GEOGRAPHIC_FIX_DETAIL;TMP_customers.WARTH;FIXED;Country: Finland ? Region: Western Europe (Method: DIRECT_MAPPING)
350;5;ADVANCED_GEOGRAPHIC_FIX_DETAIL;TMP_customers.WILMK;FIXED;Country: Finland ? Region: Western Europe (Method: DIRECT_MAPPING)
351;5;ADVANCED_GEOGRAPHIC_FIX_DETAIL;TMP_customers.WOLZA;FIXED;Country: Poland ? Region: Eastern Europe (Method: DIRECT_MAPPING)
352;5;ADVANCED_GEOGRAPHIC_FIX_DETAIL;TMP_suppliers.1;FIXED;Supplier region inferred: UK ? Western Europe
353;5;ADVANCED_GEOGRAPHIC_FIX_DETAIL;TMP_suppliers.4;FIXED;Supplier region inferred: Japan ? Asia
354;5;ADVANCED_GEOGRAPHIC_FIX_DETAIL;TMP_suppliers.6;FIXED;Supplier region inferred: Japan ? Asia
355;5;ADVANCED_GEOGRAPHIC_FIX_DETAIL;TMP_suppliers.8;FIXED;Supplier region inferred: UK ? Western Europe
356;5;ADVANCED_GEOGRAPHIC_FIX_DETAIL;TMP_suppliers.9;FIXED;Supplier region inferred: Sweden ? Western Europe
357;5;ADVANCED_GEOGRAPHIC_FIX_DETAIL;TMP_suppliers.10;FIXED;Supplier region inferred: Brazil ? South America
358;5;ADVANCED_GEOGRAPHIC_FIX_DETAIL;TMP_suppliers.11;FIXED;Supplier region inferred: Germany ? Western Europe
359;5;ADVANCED_GEOGRAPHIC_FIX_DETAIL;TMP_suppliers.12;FIXED;Supplier region inferred: Germany ? Western Europe
360;5;ADVANCED_GEOGRAPHIC_FIX_DETAIL;TMP_suppliers.13;FIXED;Supplier region inferred: Germany ? Western Europe
361;5;ADVANCED_GEOGRAPHIC_FIX_DETAIL;TMP_suppliers.14;FIXED;Supplier region inferred: Italy ? Western Europe
362;5;ADVANCED_GEOGRAPHIC_FIX_DETAIL;TMP_suppliers.15;FIXED;Supplier region inferred: Norway ? Western Europe
363;5;ADVANCED_GEOGRAPHIC_FIX_DETAIL;TMP_suppliers.17;FIXED;Supplier region inferred: Sweden ? Western Europe
364;5;ADVANCED_GEOGRAPHIC_FIX_DETAIL;TMP_suppliers.18;FIXED;Supplier region inferred: France ? Western Europe
365;5;ADVANCED_GEOGRAPHIC_FIX_DETAIL;TMP_suppliers.20;FIXED;Supplier region inferred: Singapore ? Asia
366;5;ADVANCED_GEOGRAPHIC_FIX_DETAIL;TMP_suppliers.21;FIXED;Supplier region inferred: Denmark ? Western Europe
367;5;ADVANCED_GEOGRAPHIC_FIX_DETAIL;TMP_suppliers.22;FIXED;Supplier region inferred: Netherlands ? Western Europe
368;5;ADVANCED_GEOGRAPHIC_FIX_DETAIL;TMP_suppliers.23;FIXED;Supplier region inferred: Finland ? Western Europe
369;5;ADVANCED_GEOGRAPHIC_FIX_DETAIL;TMP_suppliers.26;FIXED;Supplier region inferred: Italy ? Western Europe
370;5;ADVANCED_GEOGRAPHIC_FIX_DETAIL;TMP_suppliers.27;FIXED;Supplier region inferred: France ? Western Europe
371;5;ADVANCED_GEOGRAPHIC_FIX_DETAIL;TMP_suppliers.28;FIXED;Supplier region inferred: France ? Western Europe
372;5;ADVANCED_GEOGRAPHIC_FIX_DETAIL;TMP_employees.5;FIXED;Employee region inferred: UK ? Western Europe
373;5;ADVANCED_GEOGRAPHIC_FIX_DETAIL;TMP_employees.6;FIXED;Employee region inferred: UK ? Western Europe
374;5;ADVANCED_GEOGRAPHIC_FIX_DETAIL;TMP_employees.7;FIXED;Employee region inferred: UK ? Western Europe
375;5;ADVANCED_GEOGRAPHIC_FIX_DETAIL;TMP_employees.9;FIXED;Employee region inferred: UK ? Western Europe
376;5;CONTACT_DATA_FIX_DETAIL;TMP_suppliers.1;FIXED;Generated fax pattern for UK: +44-XXX-XXX-XXXX (Generated)
377;5;CONTACT_DATA_FIX_DETAIL;TMP_suppliers.2;FIXED;Generated fax pattern for USA: +1-XXX-XXX-XXXX (Generated)
378;5;CONTACT_DATA_FIX_DETAIL;TMP_suppliers.4;FIXED;Generated fax pattern for Japan: +XX-XXX-XXXXXXX (Generated)
379;5;CONTACT_DATA_FIX_DETAIL;TMP_suppliers.5;FIXED;Generated fax pattern for Spain: +XX-XXX-XXXXXXX (Generated)
380;5;CONTACT_DATA_FIX_DETAIL;TMP_suppliers.6;FIXED;Generated fax pattern for Japan: +XX-XXX-XXXXXXX (Generated)
381;5;CONTACT_DATA_FIX_DETAIL;TMP_suppliers.8;FIXED;Generated fax pattern for UK: +44-XXX-XXX-XXXX (Generated)
382;5;CONTACT_DATA_FIX_DETAIL;TMP_suppliers.10;FIXED;Generated fax pattern for Brazil: +XX-XXX-XXXXXXX (Generated)
383;5;CONTACT_DATA_FIX_DETAIL;TMP_suppliers.11;FIXED;Generated fax pattern for Germany: +49-XXX-XXXXXXX (Generated)
384;5;CONTACT_DATA_FIX_DETAIL;TMP_suppliers.12;FIXED;Generated fax pattern for Germany: +49-XXX-XXXXXXX (Generated)
385;5;CONTACT_DATA_FIX_DETAIL;TMP_suppliers.15;FIXED;Generated fax pattern for Norway: +XX-XXX-XXXXXXX (Generated)
386;5;CONTACT_DATA_FIX_DETAIL;TMP_suppliers.16;FIXED;Generated fax pattern for USA: +1-XXX-XXX-XXXX (Generated)
387;5;CONTACT_DATA_FIX_DETAIL;TMP_suppliers.17;FIXED;Generated fax pattern for Sweden: +XX-XXX-XXXXXXX (Generated)
388;5;CONTACT_DATA_FIX_DETAIL;TMP_suppliers.20;FIXED;Generated fax pattern for Singapore: +XX-XXX-XXXXXXX (Generated)
389;5;CONTACT_DATA_FIX_DETAIL;TMP_suppliers.23;FIXED;Generated fax pattern for Finland: +XX-XXX-XXXXXXX (Generated)
390;5;CONTACT_DATA_FIX_DETAIL;TMP_suppliers.25;FIXED;Generated fax pattern for Canada: +XX-XXX-XXXXXXX (Generated)
391;5;CONTACT_DATA_FIX_DETAIL;TMP_suppliers.27;FIXED;Generated fax pattern for France: +33-X-XX-XX-XX-XX (Generated)
392;5;CONTACT_DATA_FIX_DETAIL;TMP_suppliers.1;FIXED;Generated homepage: http://www.exoticliquids.suppliers.net
393;5;CONTACT_DATA_FIX_DETAIL;TMP_suppliers.3;FIXED;Generated homepage: http://www.grandmakelly'sh.corp.net
394;5;CONTACT_DATA_FIX_DETAIL;TMP_suppliers.4;FIXED;Generated homepage: http://www.tokyotraders.enterprise.biz
395;5;CONTACT_DATA_FIX_DETAIL;TMP_suppliers.5;FIXED;Generated homepage: http://www.cooperativadequ.business.org
396;5;CONTACT_DATA_FIX_DETAIL;TMP_suppliers.7;FIXED;Generated homepage: http://www.pavlovaltd.enterprise.biz
397;5;CONTACT_DATA_FIX_DETAIL;TMP_suppliers.8;FIXED;Generated homepage: http://www.specialtybiscui.suppliers.net
398;5;CONTACT_DATA_FIX_DETAIL;TMP_suppliers.9;FIXED;Generated homepage: http://www.pbknäckebrödab.trading.com
399;5;CONTACT_DATA_FIX_DETAIL;TMP_suppliers.10;FIXED;Generated homepage: http://www.refrescosameric.wholesale.com
400;5;CONTACT_DATA_FIX_DETAIL;TMP_suppliers.11;FIXED;Generated homepage: http://www.helisüßwarengmb.company.com
401;5;CONTACT_DATA_FIX_DETAIL;TMP_suppliers.13;FIXED;Generated homepage: http://www.nord-ost-fischh.trading.com
402;5;CONTACT_DATA_FIX_DETAIL;TMP_suppliers.15;FIXED;Generated homepage: http://www.norskemeierier.suppliers.net
403;5;CONTACT_DATA_FIX_DETAIL;TMP_suppliers.16;FIXED;Generated homepage: http://www.bigfootbrewerie.corp.net
404;5;CONTACT_DATA_FIX_DETAIL;TMP_suppliers.17;FIXED;Generated homepage: http://www.svensksjöfödaab.wholesale.com
405;5;CONTACT_DATA_FIX_DETAIL;TMP_suppliers.18;FIXED;Generated homepage: http://www.auxjoyeuxecclés.business.org
406;5;CONTACT_DATA_FIX_DETAIL;TMP_suppliers.19;FIXED;Generated homepage: http://www.newenglandseafo.trading.com
407;5;CONTACT_DATA_FIX_DETAIL;TMP_suppliers.20;FIXED;Generated homepage: http://www.lekatrading.corp.net
408;5;CONTACT_DATA_FIX_DETAIL;TMP_suppliers.21;FIXED;Generated homepage: http://www.lyngbysild.enterprise.biz
409;5;CONTACT_DATA_FIX_DETAIL;TMP_suppliers.22;FIXED;Generated homepage: http://www.zaansesnoepfabr.suppliers.net
410;5;CONTACT_DATA_FIX_DETAIL;TMP_suppliers.23;FIXED;Generated homepage: http://www.karkkioy.company.com
411;5;CONTACT_DATA_FIX_DETAIL;TMP_suppliers.25;FIXED;Generated homepage: http://www.mamaison.corp.net
412;5;CONTACT_DATA_FIX_DETAIL;TMP_suppliers.26;FIXED;Generated homepage: http://www.pastabuttinisrl.trading.com
413;5;CONTACT_DATA_FIX_DETAIL;TMP_suppliers.27;FIXED;Generated homepage: http://www.escargotsnouvea.trading.com
414;5;CONTACT_DATA_FIX_DETAIL;TMP_suppliers.28;FIXED;Generated homepage: http://www.gaipâturage.suppliers.net
415;5;CONTACT_DATA_FIX_DETAIL;TMP_suppliers.29;FIXED;Generated homepage: http://www.forêtsd'érables.company.com
416;5;CONTACT_DATA_FIX_DETAIL;TMP_customers.ANTON;FIXED;Generated customer fax: +XX-XXX-XXXXXXX (Auto-generated)
417;5;CONTACT_DATA_FIX_DETAIL;TMP_customers.BSBEV;FIXED;Generated customer fax: +44-XXX-XXX-XXXX (Auto-generated)
418;5;CONTACT_DATA_FIX_DETAIL;TMP_customers.CHOPS;FIXED;Generated customer fax: +XX-XXX-XXXXXXX (Auto-generated)
419;5;CONTACT_DATA_FIX_DETAIL;TMP_customers.COMMI;FIXED;Generated customer fax: +XX-XXX-XXXXXXX (Auto-generated)
420;5;CONTACT_DATA_FIX_DETAIL;TMP_customers.FAMIA;FIXED;Generated customer fax: +XX-XXX-XXXXXXX (Auto-generated)
421;5;CONTACT_DATA_FIX_DETAIL;TMP_customers.FOLKO;FIXED;Generated customer fax: +XX-XXX-XXXXXXX (Auto-generated)
422;5;CONTACT_DATA_FIX_DETAIL;TMP_customers.GODOS;FIXED;Generated customer fax: +XX-XXX-XXXXXXX (Auto-generated)
423;5;CONTACT_DATA_FIX_DETAIL;TMP_customers.GOURL;FIXED;Generated customer fax: +XX-XXX-XXXXXXX (Auto-generated)
424;5;CONTACT_DATA_FIX_DETAIL;TMP_customers.GREAL;FIXED;Generated customer fax: +1-XXX-XXX-XXXX (Auto-generated)
425;5;CONTACT_DATA_FIX_DETAIL;TMP_customers.ISLAT;FIXED;Generated customer fax: +44-XXX-XXX-XXXX (Auto-generated)
426;5;CONTACT_DATA_FIX_DETAIL;TMP_customers.KOENE;FIXED;Generated customer fax: +49-XXX-XXXXXXX (Auto-generated)
427;5;CONTACT_DATA_FIX_DETAIL;TMP_customers.LETSS;FIXED;Generated customer fax: +1-XXX-XXX-XXXX (Auto-generated)
428;5;CONTACT_DATA_FIX_DETAIL;TMP_customers.MORGK;FIXED;Generated customer fax: +49-XXX-XXXXXXX (Auto-generated)
429;5;CONTACT_DATA_FIX_DETAIL;TMP_customers.PRINI;FIXED;Generated customer fax: +XX-XXX-XXXXXXX (Auto-generated)
430;5;CONTACT_DATA_FIX_DETAIL;TMP_customers.QUEEN;FIXED;Generated customer fax: +XX-XXX-XXXXXXX (Auto-generated)
431;5;CONTACT_DATA_FIX_DETAIL;TMP_customers.QUICK;FIXED;Generated customer fax: +49-XXX-XXXXXXX (Auto-generated)
432;5;CONTACT_DATA_FIX_DETAIL;TMP_customers.RICAR;FIXED;Generated customer fax: +XX-XXX-XXXXXXX (Auto-generated)
433;5;CONTACT_DATA_FIX_DETAIL;TMP_customers.RICSU;FIXED;Generated customer fax: +XX-XXX-XXXXXXX (Auto-generated)
434;5;CONTACT_DATA_FIX_DETAIL;TMP_customers.SAVEA;FIXED;Generated customer fax: +1-XXX-XXX-XXXX (Auto-generated)
435;5;CONTACT_DATA_FIX_DETAIL;TMP_customers.THEBI;FIXED;Generated customer fax: +1-XXX-XXX-XXXX (Auto-generated)
436;5;CONTACT_DATA_FIX_DETAIL;TMP_customers.TORTU;FIXED;Generated customer fax: +XX-XXX-XXXXXXX (Auto-generated)
437;5;CONTACT_DATA_FIX_DETAIL;TMP_customers.WELLI;FIXED;Generated customer fax: +XX-XXX-XXXXXXX (Auto-generated)
438;5;DATA_REMEDIATION_REPORT;GLOBAL_REMEDIATION;SUCCESS;Categories: 5/6 (83.3%). Total fixes: 723. Quality improvement: 399.4%
439;5;REMEDIATION_PROCESS_SUMMARY;DATA_REMEDIATION;SUCCESS;Total fixes: 723. Resolution rate: 83.3%
440;6;DATABASE_CONNECTION;DB_FILE;PASS;Conexión exitosa a la base de datos
441;6;INGESTA2_AVAILABLE;TMP2_customers;2;Tabla TMP2_customers disponible con 2 registros
442;6;INGESTA2_AVAILABLE;TMP2_orders;270;Tabla TMP2_orders disponible con 270 registros
443;6;INGESTA2_AVAILABLE;TMP2_order_details;691;Tabla TMP2_order_details disponible con 691 registros
444;6;INGESTA2_DATE_RANGE;TMP2_orders;INFO;Rango de fechas: 1998-01-01 00:00:00.000 a 1998-05-06 00:00:00.000, 270 órdenes
445;6;COUNT_VALIDATION;DWA_DIM_Clientes;PASS;Registros encontrados: 91, mínimo esperado: 0
446;6;COUNT_VALIDATION;DWA_FACT_Ventas;PASS;Registros encontrados: 2163, mínimo esperado: 0
447;6;SCD2_UPDATE;DWA_DIM_Clientes;PASS;Clientes modificados: 2, Nuevos: 0
448;6;FACT_UPDATE;DWA_FACT_Ventas;PASS;Hechos actualizados: 694, Nuevos: 0
449;6;REFERENTIAL_INTEGRITY;DWA_FACT_Ventas.sk_cliente -> DWA_DIM_Clientes.sk_cliente;PASS;Registros huérfanos encontrados: 0
450;6;NULL_VALIDATION;DWA_FACT_Ventas.sk_cliente;PASS;Valores NULL encontrados: 0
451;6;NULL_VALIDATION;DWA_FACT_Ventas.sk_tiempo;PASS;Valores NULL encontrados: 0
452;6;POST_UPDATE_FACT_COUNT;DWA_FACT_Ventas;2163;Total registros en tabla de hechos después de actualización: 2163
453;6;POST_UPDATE_DIM_COUNT;DWA_DIM_Clientes;93;Total registros en dimensión después de actualización: 93
454;6;SCD2_TEMPORAL_OVERLAPS;DWA_DIM_Clientes;PASS;No hay solapamientos temporales en SCD2
455;6;SCD2_DATE_LOGIC;DWA_DIM_Clientes;FAIL;2 registros con fechas de inicio > fin
